matchid,inning,over_ball,over,ball,batting_team,bowling_team,batsman,non_striker,bowler,batsman_runs,extras,iswide,isnoball,byes,legbyes,penalty,dismissal_kind,player_dismissed,date,season,city,venue,winner,team1,team2,toss_winner,player_of_match,date_match,wins
335982,1,0.1,0,1,Kolkata Knight Riders,Royal Challengers Bangalore,SC Ganguly,BB McCullum,P Kumar,0,1,,,,1.0,,,,2008-04-18,2007,Bangalore,M Chinnaswamy Stadium,Kolkata Knight Riders,Royal Challengers Bangalore,Kolkata Knight Riders,Royal Challengers Bangalore,BB McCullum,2008-04-18,1
335983,1,0.1,0,1,Chennai Super Kings,Kings XI Punjab,PA Patel,ML Hayden,B Lee,0,0,,,,,,,,2008-04-19,2007,Chandigarh,"Punjab Cricket Association Stadium, Mohali",Chennai Super Kings,Kings XI Punjab,Chennai Super Kings,Chennai Super Kings,MEK Hussey,2008-04-19,1
335984,1,0.1,0,1,Rajasthan Royals,Delhi Daredevils,T Kohli,YK Pathan,GD McGrath,0,0,,,,,,,,2008-04-19,2007,Delhi,Feroz Shah Kotla,Delhi Daredevils,Delhi Daredevils,Rajasthan Royals,Rajasthan Royals,MF Maharoof,2008-04-19,1
335985,1,0.1,0,1,Mumbai Indians,Royal Challengers Bangalore,L Ronchi,ST Jayasuriya,P Kumar,0,0,,,,,,,,2008-04-20,2007,Mumbai,Wankhede Stadium,Royal Challengers Bangalore,Mumbai Indians,Royal Challengers Bangalore,Mumbai Indians,MV Boucher,2008-04-20,1
335986,1,0.1,0,1,Deccan Chargers,Kolkata Knight Riders,AC Gilchrist,Y Venugopal Rao,AB Dinda,1,0,,,,,,,,2008-04-20,2007,Kolkata,Eden Gardens,Kolkata Knight Riders,Kolkata Knight Riders,Deccan Chargers,Deccan Chargers,DJ Hussey,2008-04-20,1
335987,1,0.1,0,1,Kings XI Punjab,Rajasthan Royals,K Goel,JR Hopes,MM Patel,0,0,,,,,,,,2008-04-21,2007,Jaipur,Sawai Mansingh Stadium,Rajasthan Royals,Rajasthan Royals,Kings XI Punjab,Kings XI Punjab,SR Watson,2008-04-21,1
335988,1,0.1,0,1,Deccan Chargers,Delhi Daredevils,AC Gilchrist,Y Venugopal Rao,GD McGrath,0,0,,,,,,,,2008-04-22,2007,Hyderabad,"Rajiv Gandhi International Stadium, Uppal",Delhi Daredevils,Deccan Chargers,Delhi Daredevils,Deccan Chargers,V Sehwag,2008-04-22,1
335989,1,0.1,0,1,Chennai Super Kings,Mumbai Indians,PA Patel,ML Hayden,SM Pollock,0,1,1.0,,,,,,,2008-04-23,2007,Chennai,"MA Chidambaram Stadium, Chepauk",Chennai Super Kings,Chennai Super Kings,Mumbai Indians,Mumbai Indians,ML Hayden,2008-04-23,1
335990,1,0.1,0,1,Deccan Chargers,Rajasthan Royals,AC Gilchrist,VVS Laxman,MM Patel,0,0,,,,,,,,2008-04-24,2007,Hyderabad,"Rajiv Gandhi International Stadium, Uppal",Rajasthan Royals,Deccan Chargers,Rajasthan Royals,Rajasthan Royals,YK Pathan,2008-04-24,1
335991,1,0.1,0,1,Kings XI Punjab,Mumbai Indians,K Goel,IK Pathan,SM Pollock,0,0,,,,,,,,2008-04-25,2007,Chandigarh,"Punjab Cricket Association Stadium, Mohali",Kings XI Punjab,Kings XI Punjab,Mumbai Indians,Mumbai Indians,KC Sangakkara,2008-04-25,1
335992,1,0.1,0,1,Royal Challengers Bangalore,Rajasthan Royals,S Chanderpaul,R Dravid,SR Watson,1,0,,,,,,,,2008-04-26,2007,Bangalore,M Chinnaswamy Stadium,Rajasthan Royals,Royal Challengers Bangalore,Rajasthan Royals,Rajasthan Royals,SR Watson,2008-04-26,1
335993,1,0.1,0,1,Kolkata Knight Riders,Chennai Super Kings,SC Ganguly,BB McCullum,JDP Oram,2,0,,,,,,,,2008-04-26,2007,Chennai,"MA Chidambaram Stadium, Chepauk",Chennai Super Kings,Chennai Super Kings,Kolkata Knight Riders,Kolkata Knight Riders,JDP Oram,2008-04-26,1
335994,1,0.1,0,1,Mumbai Indians,Deccan Chargers,L Ronchi,ST Jayasuriya,RP Singh,0,0,,,,,,,,2008-04-27,2007,Mumbai,Dr DY Patil Sports Academy,Deccan Chargers,Mumbai Indians,Deccan Chargers,Deccan Chargers,AC Gilchrist,2008-04-27,1
335995,1,0.1,0,1,Delhi Daredevils,Kings XI Punjab,G Gambhir,V Sehwag,B Lee,0,0,,,,,,,,2008-04-27,2007,Chandigarh,"Punjab Cricket Association Stadium, Mohali",Kings XI Punjab,Kings XI Punjab,Delhi Daredevils,Delhi Daredevils,SM Katich,2008-04-27,1
335996,1,0.1,0,1,Chennai Super Kings,Royal Challengers Bangalore,PA Patel,ML Hayden,DW Steyn,1,0,,,,,,,,2008-04-28,2007,Bangalore,M Chinnaswamy Stadium,Chennai Super Kings,Royal Challengers Bangalore,Chennai Super Kings,Chennai Super Kings,MS Dhoni,2008-04-28,1
335997,1,0.1,0,1,Kolkata Knight Riders,Mumbai Indians,BB McCullum,SC Ganguly,SM Pollock,1,0,,,,,,,,2008-04-29,2007,Kolkata,Eden Gardens,Mumbai Indians,Kolkata Knight Riders,Mumbai Indians,Kolkata Knight Riders,ST Jayasuriya,2008-04-29,1
335998,1,0.1,0,1,Delhi Daredevils,Royal Challengers Bangalore,G Gambhir,V Sehwag,DW Steyn,1,0,,,,,,,,2008-04-30,2007,Delhi,Feroz Shah Kotla,Delhi Daredevils,Delhi Daredevils,Royal Challengers Bangalore,Royal Challengers Bangalore,GD McGrath,2008-04-30,1
335999,1,0.1,0,1,Deccan Chargers,Kings XI Punjab,AC Gilchrist,VVS Laxman,S Sreesanth,0,0,,,,,,,,2008-05-01,2007,Hyderabad,"Rajiv Gandhi International Stadium, Uppal",Kings XI Punjab,Deccan Chargers,Kings XI Punjab,Kings XI Punjab,SE Marsh,2008-05-01,1
336000,1,0.1,0,1,Rajasthan Royals,Kolkata Knight Riders,GC Smith,SA Asnodkar,AB Dinda,0,0,,,,,,,,2008-05-01,2007,Jaipur,Sawai Mansingh Stadium,Rajasthan Royals,Rajasthan Royals,Kolkata Knight Riders,Rajasthan Royals,SA Asnodkar,2008-05-01,1
336001,1,0.1,0,1,Chennai Super Kings,Delhi Daredevils,PA Patel,SP Fleming,GD McGrath,1,0,,,,,,,,2008-05-02,2007,Chennai,"MA Chidambaram Stadium, Chepauk",Delhi Daredevils,Chennai Super Kings,Delhi Daredevils,Chennai Super Kings,V Sehwag,2008-05-02,1
336003,1,0.1,0,1,Kings XI Punjab,Kolkata Knight Riders,SE Marsh,JR Hopes,I Sharma,0,0,,,,,,,,2008-05-03,2007,Chandigarh,"Punjab Cricket Association Stadium, Mohali",Kings XI Punjab,Kings XI Punjab,Kolkata Knight Riders,Kings XI Punjab,IK Pathan,2008-05-03,1
336034,1,0.1,0,1,Royal Challengers Bangalore,Deccan Chargers,B Chipli,W Jaffer,DP Vijaykumar,0,0,,,,,,,,2008-05-03,2007,Bangalore,M Chinnaswamy Stadium,Royal Challengers Bangalore,Royal Challengers Bangalore,Deccan Chargers,Deccan Chargers,P Kumar,2008-05-03,1
336004,1,0.1,0,1,Mumbai Indians,Delhi Daredevils,YV Takawale,ST Jayasuriya,GD McGrath,0,0,,,,,,,,2008-05-04,2007,Mumbai,Dr DY Patil Sports Academy,Mumbai Indians,Mumbai Indians,Delhi Daredevils,Delhi Daredevils,SM Pollock,2008-05-04,1
336005,1,0.1,0,1,Chennai Super Kings,Rajasthan Royals,PA Patel,SP Fleming,Sohail Tanvir,0,0,,,,,,lbw,PA Patel,2008-05-04,2007,Jaipur,Sawai Mansingh Stadium,Rajasthan Royals,Rajasthan Royals,Chennai Super Kings,Chennai Super Kings,Sohail Tanvir,2008-05-04,1
336006,1,0.1,0,1,Royal Challengers Bangalore,Kings XI Punjab,W Jaffer,V Kohli,S Sreesanth,0,1,1.0,,,,,,,2008-05-05,2007,Bangalore,M Chinnaswamy Stadium,Kings XI Punjab,Royal Challengers Bangalore,Kings XI Punjab,Kings XI Punjab,S Sreesanth,2008-05-05,1
336007,1,0.1,0,1,Chennai Super Kings,Deccan Chargers,PA Patel,SP Fleming,DP Vijaykumar,0,0,,,,,,,,2008-05-06,2007,Chennai,"MA Chidambaram Stadium, Chepauk",Deccan Chargers,Chennai Super Kings,Deccan Chargers,Deccan Chargers,AC Gilchrist,2008-05-06,1
336008,1,0.1,0,1,Rajasthan Royals,Mumbai Indians,GC Smith,SA Asnodkar,SM Pollock,0,0,,,,,,,,2008-05-07,2007,Mumbai,Dr DY Patil Sports Academy,Mumbai Indians,Mumbai Indians,Rajasthan Royals,Mumbai Indians,A Nehra,2008-05-07,1
336009,1,0.1,0,1,Delhi Daredevils,Chennai Super Kings,G Gambhir,V Sehwag,MS Gony,0,0,,,,,,,,2008-05-08,2007,Delhi,Feroz Shah Kotla,Chennai Super Kings,Delhi Daredevils,Chennai Super Kings,Chennai Super Kings,MS Dhoni,2008-05-08,1
336010,1,0.1,0,1,Kolkata Knight Riders,Royal Challengers Bangalore,A Chopra,BJ Hodge,DW Steyn,0,0,,,,,,,,2008-05-08,2007,Kolkata,Eden Gardens,Kolkata Knight Riders,Kolkata Knight Riders,Royal Challengers Bangalore,Kolkata Knight Riders,SC Ganguly,2008-05-08,1
336011,1,0.1,0,1,Deccan Chargers,Rajasthan Royals,AC Gilchrist,HH Gibbs,Sohail Tanvir,4,0,,,,,,,,2008-05-09,2007,Jaipur,Sawai Mansingh Stadium,Rajasthan Royals,Rajasthan Royals,Deccan Chargers,Rajasthan Royals,YK Pathan,2008-05-09,1
336013,1,0.1,0,1,Chennai Super Kings,Kings XI Punjab,S Vidyut,SP Fleming,S Sreesanth,0,0,,,,,,,,2008-05-10,2007,Chennai,"MA Chidambaram Stadium, Chepauk",Chennai Super Kings,Chennai Super Kings,Kings XI Punjab,Kings XI Punjab,L Balaji,2008-05-10,1
336014,1,0.1,0,1,Kolkata Knight Riders,Deccan Chargers,Salman Butt,A Chopra,WPUJC Vaas,0,0,,,,,,,,2008-05-11,2007,Hyderabad,"Rajiv Gandhi International Stadium, Uppal",Kolkata Knight Riders,Deccan Chargers,Kolkata Knight Riders,Kolkata Knight Riders,SC Ganguly,2008-05-11,1
336015,1,0.1,0,1,Delhi Daredevils,Rajasthan Royals,G Gambhir,V Sehwag,AD Mascarenhas,4,0,,,,,,,,2008-05-11,2007,Jaipur,Sawai Mansingh Stadium,Rajasthan Royals,Rajasthan Royals,Delhi Daredevils,Rajasthan Royals,SR Watson,2008-05-11,1
336016,1,0.1,0,1,Royal Challengers Bangalore,Kings XI Punjab,J Arunkumar,V Kohli,S Sreesanth,1,0,,,,,,,,2008-05-12,2007,Chandigarh,"Punjab Cricket Association Stadium, Mohali",Kings XI Punjab,Kings XI Punjab,Royal Challengers Bangalore,Royal Challengers Bangalore,SE Marsh,2008-05-12,1
336017,1,0.1,0,1,Kolkata Knight Riders,Delhi Daredevils,Salman Butt,A Chopra,GD McGrath,0,1,,,,1.0,,,,2008-05-13,2007,Kolkata,Eden Gardens,Kolkata Knight Riders,Kolkata Knight Riders,Delhi Daredevils,Kolkata Knight Riders,Shoaib Akhtar,2008-05-13,1
336018,1,0.1,0,1,Chennai Super Kings,Mumbai Indians,S Vidyut,SP Fleming,SM Pollock,0,0,,,,,,,,2008-05-14,2007,Mumbai,Wankhede Stadium,Mumbai Indians,Mumbai Indians,Chennai Super Kings,Mumbai Indians,ST Jayasuriya,2008-05-14,1
336020,1,0.1,0,1,Delhi Daredevils,Deccan Chargers,G Gambhir,V Sehwag,DP Vijaykumar,2,0,,,,,,,,2008-05-15,2007,Delhi,Feroz Shah Kotla,Delhi Daredevils,Delhi Daredevils,Deccan Chargers,Deccan Chargers,A Mishra,2008-05-15,1
336021,1,0.1,0,1,Kolkata Knight Riders,Mumbai Indians,Salman Butt,A Chopra,SM Pollock,0,0,,,,,,,,2008-05-16,2007,Mumbai,Wankhede Stadium,Mumbai Indians,Mumbai Indians,Kolkata Knight Riders,Mumbai Indians,SM Pollock,2008-05-16,1
336022,1,0.1,0,1,Delhi Daredevils,Kings XI Punjab,G Gambhir,V Sehwag,S Sreesanth,0,0,,,,,,,,2008-05-17,2007,Delhi,Feroz Shah Kotla,Kings XI Punjab,Delhi Daredevils,Kings XI Punjab,Delhi Daredevils,DPMD Jayawardene,2008-05-17,1
336023,1,0.1,0,1,Rajasthan Royals,Royal Challengers Bangalore,GC Smith,SA Asnodkar,Z Khan,0,0,,,,,,,,2008-05-17,2007,Jaipur,Sawai Mansingh Stadium,Rajasthan Royals,Rajasthan Royals,Royal Challengers Bangalore,Royal Challengers Bangalore,GC Smith,2008-05-17,1
336024,1,0.1,0,1,Mumbai Indians,Deccan Chargers,ST Jayasuriya,SR Tendulkar,DP Vijaykumar,4,0,,,,,,,,2008-05-18,2007,Hyderabad,"Rajiv Gandhi International Stadium, Uppal",Mumbai Indians,Deccan Chargers,Mumbai Indians,Deccan Chargers,DJ Bravo,2008-05-18,1
336025,1,0.1,0,1,Kolkata Knight Riders,Chennai Super Kings,Salman Butt,Mohammad Hafeez,M Ntini,0,0,,,,,,,,2008-05-18,2007,Kolkata,Eden Gardens,Chennai Super Kings,Kolkata Knight Riders,Chennai Super Kings,Kolkata Knight Riders,M Ntini,2008-05-18,1
336026,1,0.1,0,1,Royal Challengers Bangalore,Delhi Daredevils,JH Kallis,B Chipli,GD McGrath,0,0,,,,,,,,2008-05-19,2007,Bangalore,M Chinnaswamy Stadium,Delhi Daredevils,Royal Challengers Bangalore,Delhi Daredevils,Delhi Daredevils,SP Goswami,2008-05-19,1
336027,1,0.1,0,1,Kolkata Knight Riders,Rajasthan Royals,Salman Butt,Mohammad Hafeez,Sohail Tanvir,0,2,2.0,,,,,,,2008-05-20,2007,Kolkata,Eden Gardens,Rajasthan Royals,Kolkata Knight Riders,Rajasthan Royals,Rajasthan Royals,YK Pathan,2008-05-20,1
336028,1,0.1,0,1,Kings XI Punjab,Mumbai Indians,SE Marsh,JR Hopes,SM Pollock,0,0,,,,,,,,2008-05-21,2007,Mumbai,Wankhede Stadium,Kings XI Punjab,Mumbai Indians,Kings XI Punjab,Mumbai Indians,SE Marsh,2008-05-21,1
336029,1,0.1,0,1,Royal Challengers Bangalore,Chennai Super Kings,JH Kallis,SP Goswami,M Ntini,0,0,,,,,,,,2008-05-21,2007,Chennai,"MA Chidambaram Stadium, Chepauk",Royal Challengers Bangalore,Chennai Super Kings,Royal Challengers Bangalore,Royal Challengers Bangalore,A Kumble,2008-05-21,1
336031,1,0.1,0,1,Deccan Chargers,Kings XI Punjab,AC Gilchrist,HH Gibbs,S Sreesanth,0,0,,,,,,,,2008-05-23,2007,Chandigarh,"Punjab Cricket Association Stadium, Mohali",Kings XI Punjab,Kings XI Punjab,Deccan Chargers,Kings XI Punjab,SE Marsh,2008-05-23,1
336032,1,0.1,0,1,Mumbai Indians,Delhi Daredevils,ST Jayasuriya,SR Tendulkar,GD McGrath,0,0,,,,,,,,2008-05-24,2007,Delhi,Feroz Shah Kotla,Delhi Daredevils,Delhi Daredevils,Mumbai Indians,Delhi Daredevils,KD Karthik,2008-05-24,1
336033,1,0.1,0,1,Rajasthan Royals,Chennai Super Kings,GC Smith,SA Asnodkar,M Ntini,1,0,,,,,,,,2008-05-24,2007,Chennai,"MA Chidambaram Stadium, Chepauk",Rajasthan Royals,Chennai Super Kings,Rajasthan Royals,Rajasthan Royals,JA Morkel,2008-05-24,1
336002,1,0.1,0,1,Deccan Chargers,Royal Challengers Bangalore,AC Gilchrist,HH Gibbs,A Kumble,1,0,,,,,,,,2008-05-25,2007,Hyderabad,"Rajiv Gandhi International Stadium, Uppal",Royal Challengers Bangalore,Deccan Chargers,Royal Challengers Bangalore,Deccan Chargers,R Vinay Kumar,2008-05-25,1
336035,1,0.1,0,1,Kings XI Punjab,Kolkata Knight Riders,SE Marsh,JR Hopes,Umar Gul,0,0,,,,,,,,2008-05-25,2007,Kolkata,Eden Gardens,Kolkata Knight Riders,Kolkata Knight Riders,Kings XI Punjab,Kings XI Punjab,Umar Gul,2008-05-25,1
336036,1,0.1,0,1,Mumbai Indians,Rajasthan Royals,ST Jayasuriya,SR Tendulkar,Sohail Tanvir,0,0,,,,,,,,2008-05-26,2007,Jaipur,Sawai Mansingh Stadium,Rajasthan Royals,Rajasthan Royals,Mumbai Indians,Rajasthan Royals,Sohail Tanvir,2008-05-26,1
336037,1,0.1,0,1,Deccan Chargers,Chennai Super Kings,AC Gilchrist,HH Gibbs,M Ntini,0,0,,,,,,,,2008-05-27,2007,Hyderabad,"Rajiv Gandhi International Stadium, Uppal",Chennai Super Kings,Deccan Chargers,Chennai Super Kings,Deccan Chargers,SK Raina,2008-05-27,1
336012,1,0.1,0,1,Royal Challengers Bangalore,Mumbai Indians,MV Boucher,SP Goswami,SM Pollock,1,0,,,,,,,,2008-05-28,2007,Bangalore,M Chinnaswamy Stadium,Mumbai Indians,Royal Challengers Bangalore,Mumbai Indians,Mumbai Indians,CRD Fernando,2008-05-28,1
336019,1,0.1,0,1,Kings XI Punjab,Rajasthan Royals,SE Marsh,JR Hopes,MM Patel,0,0,,,,,,,,2008-05-28,2007,Chandigarh,"Punjab Cricket Association Stadium, Mohali",Kings XI Punjab,Kings XI Punjab,Rajasthan Royals,Rajasthan Royals,SE Marsh,2008-05-28,1
336038,1,0.1,0,1,Rajasthan Royals,Delhi Daredevils,GC Smith,SA Asnodkar,GD McGrath,0,0,,,,,,,,2008-05-30,2007,Mumbai,Wankhede Stadium,Rajasthan Royals,Delhi Daredevils,Rajasthan Royals,Delhi Daredevils,SR Watson,2008-05-30,1
336039,1,0.1,0,1,Kings XI Punjab,Chennai Super Kings,SE Marsh,JR Hopes,M Muralitharan,4,0,,,,,,,,2008-05-31,2007,Mumbai,Wankhede Stadium,Chennai Super Kings,Chennai Super Kings,Kings XI Punjab,Kings XI Punjab,M Ntini,2008-05-31,1
336040,1,0.1,0,1,Chennai Super Kings,Rajasthan Royals,PA Patel,S Vidyut,Sohail Tanvir,0,0,,,,,,,,2008-06-01,2007,Mumbai,Dr DY Patil Sports Academy,Rajasthan Royals,Chennai Super Kings,Rajasthan Royals,Rajasthan Royals,YK Pathan,2008-06-01,1
392181,1,0.1,0,1,Mumbai Indians,Chennai Super Kings,ST Jayasuriya,SR Tendulkar,MS Gony,1,0,,,,,,,,2009-04-18,2009,Cape Town,Newlands,Mumbai Indians,Chennai Super Kings,Mumbai Indians,Chennai Super Kings,SR Tendulkar,2009-04-18,1
392182,1,0.1,0,1,Royal Challengers Bangalore,Rajasthan Royals,JD Ryder,RV Uthappa,AD Mascarenhas,0,0,,,,,,,,2009-04-18,2009,Cape Town,Newlands,Royal Challengers Bangalore,Royal Challengers Bangalore,Rajasthan Royals,Royal Challengers Bangalore,R Dravid,2009-04-18,1
392183,1,0.1,0,1,Kings XI Punjab,Delhi Daredevils,RS Bopara,K Goel,DP Nannes,0,1,1.0,,,,,,,2009-04-19,2009,Cape Town,Newlands,Delhi Daredevils,Delhi Daredevils,Kings XI Punjab,Delhi Daredevils,DL Vettori,2009-04-19,1
392184,1,0.1,0,1,Kolkata Knight Riders,Deccan Chargers,BB McCullum,CH Gayle,FH Edwards,0,0,,,,,,,,2009-04-19,2009,Cape Town,Newlands,Deccan Chargers,Deccan Chargers,Kolkata Knight Riders,Kolkata Knight Riders,RP Singh,2009-04-19,1
392185,1,0.1,0,1,Chennai Super Kings,Royal Challengers Bangalore,PA Patel,ML Hayden,P Kumar,0,0,,,,,,,,2009-04-20,2009,Port Elizabeth,St George's Park,Chennai Super Kings,Royal Challengers Bangalore,Chennai Super Kings,Chennai Super Kings,M Muralitharan,2009-04-20,1
392186,1,0.1,0,1,Kings XI Punjab,Kolkata Knight Riders,RS Bopara,K Goel,I Sharma,1,0,,,,,,,,2009-04-21,2009,Durban,Kingsmead,Kolkata Knight Riders,Kings XI Punjab,Kolkata Knight Riders,Kolkata Knight Riders,CH Gayle,2009-04-21,1
392188,1,0.1,0,1,Deccan Chargers,Royal Challengers Bangalore,AC Gilchrist,HH Gibbs,P Kumar,0,0,,,,,,,,2009-04-22,2009,Cape Town,Newlands,Deccan Chargers,Royal Challengers Bangalore,Deccan Chargers,Deccan Chargers,AC Gilchrist,2009-04-22,1
392189,1,0.1,0,1,Delhi Daredevils,Chennai Super Kings,G Gambhir,V Sehwag,L Balaji,0,0,,,,,,caught,G Gambhir,2009-04-23,2009,Durban,Kingsmead,Delhi Daredevils,Chennai Super Kings,Delhi Daredevils,Delhi Daredevils,AB de Villiers,2009-04-23,1
392191,1,0.1,0,1,Royal Challengers Bangalore,Kings XI Punjab,JD Ryder,RV Uthappa,RR Bose,0,0,,,,,,,,2009-04-24,2009,Durban,Kingsmead,Kings XI Punjab,Royal Challengers Bangalore,Kings XI Punjab,Royal Challengers Bangalore,RS Bopara,2009-04-24,1
392192,1,0.1,0,1,Deccan Chargers,Mumbai Indians,AC Gilchrist,HH Gibbs,SL Malinga,0,0,,,,,,,,2009-04-25,2009,Durban,Kingsmead,Deccan Chargers,Deccan Chargers,Mumbai Indians,Deccan Chargers,PP Ojha,2009-04-25,1
392194,1,0.1,0,1,Royal Challengers Bangalore,Delhi Daredevils,JH Kallis,RV Uthappa,DP Nannes,0,0,,,,,,bowled,JH Kallis,2009-04-26,2009,Port Elizabeth,St George's Park,Delhi Daredevils,Royal Challengers Bangalore,Delhi Daredevils,Royal Challengers Bangalore,TM Dilshan,2009-04-26,1
392195,1,0.1,0,1,Kings XI Punjab,Rajasthan Royals,RS Bopara,K Goel,Kamran Khan,0,0,,,,,,run out,K Goel,2009-04-26,2009,Cape Town,Newlands,Kings XI Punjab,Kings XI Punjab,Rajasthan Royals,Kings XI Punjab,KC Sangakkara,2009-04-26,1
392196,1,0.1,0,1,Chennai Super Kings,Deccan Chargers,PA Patel,ML Hayden,FH Edwards,0,0,,,,,,,,2009-04-27,2009,Durban,Kingsmead,Deccan Chargers,Chennai Super Kings,Deccan Chargers,Deccan Chargers,HH Gibbs,2009-04-27,1
392197,1,0.1,0,1,Mumbai Indians,Kolkata Knight Riders,ST Jayasuriya,SR Tendulkar,I Sharma,1,0,,,,,,,,2009-04-27,2009,Port Elizabeth,St George's Park,Mumbai Indians,Kolkata Knight Riders,Mumbai Indians,Mumbai Indians,SR Tendulkar,2009-04-27,1
392198,1,0.1,0,1,Delhi Daredevils,Rajasthan Royals,G Gambhir,V Sehwag,AD Mascarenhas,0,0,,,,,,,,2009-04-28,2009,Centurion,SuperSport Park,Rajasthan Royals,Delhi Daredevils,Rajasthan Royals,Delhi Daredevils,YK Pathan,2009-04-28,1
392199,1,0.1,0,1,Kolkata Knight Riders,Royal Challengers Bangalore,BB McCullum,CH Gayle,KP Pietersen,0,0,,,,,,caught,BB McCullum,2009-04-29,2009,Durban,Kingsmead,Royal Challengers Bangalore,Royal Challengers Bangalore,Kolkata Knight Riders,Kolkata Knight Riders,MV Boucher,2009-04-29,1
392200,1,0.1,0,1,Kings XI Punjab,Mumbai Indians,RS Bopara,K Goel,Z Khan,0,0,,,,,,,,2009-04-29,2009,Durban,Kingsmead,Kings XI Punjab,Kings XI Punjab,Mumbai Indians,Kings XI Punjab,KC Sangakkara,2009-04-29,1
392201,1,0.1,0,1,Deccan Chargers,Delhi Daredevils,AC Gilchrist,HH Gibbs,DP Nannes,0,0,,,,,,,,2009-04-30,2009,Centurion,SuperSport Park,Delhi Daredevils,Deccan Chargers,Delhi Daredevils,Delhi Daredevils,DP Nannes,2009-04-30,1
392202,1,0.1,0,1,Chennai Super Kings,Rajasthan Royals,PA Patel,ML Hayden,AD Mascarenhas,0,0,,,,,,,,2009-04-30,2009,Centurion,SuperSport Park,Chennai Super Kings,Chennai Super Kings,Rajasthan Royals,Rajasthan Royals,SK Raina,2009-04-30,1
392203,1,0.1,0,1,Mumbai Indians,Kolkata Knight Riders,ST Jayasuriya,SR Tendulkar,I Sharma,0,1,1.0,,,,,,,2009-05-01,2009,East London,Buffalo Park,Mumbai Indians,Kolkata Knight Riders,Mumbai Indians,Mumbai Indians,JP Duminy,2009-05-01,1
392204,1,0.1,0,1,Royal Challengers Bangalore,Kings XI Punjab,JD Ryder,SP Goswami,IK Pathan,0,0,,,,,,,,2009-05-01,2009,Durban,Kingsmead,Royal Challengers Bangalore,Royal Challengers Bangalore,Kings XI Punjab,Royal Challengers Bangalore,Yuvraj Singh,2009-05-01,1
392205,1,0.1,0,1,Deccan Chargers,Rajasthan Royals,HH Gibbs,AC Gilchrist,YK Pathan,0,0,,,,,,,,2009-05-02,2009,Port Elizabeth,St George's Park,Rajasthan Royals,Deccan Chargers,Rajasthan Royals,Deccan Chargers,YK Pathan,2009-05-02,1
392206,1,0.1,0,1,Chennai Super Kings,Delhi Daredevils,M Vijay,ML Hayden,DP Nannes,0,1,1.0,,,,,,,2009-05-02,2009,Johannesburg,New Wanderers Stadium,Chennai Super Kings,Chennai Super Kings,Delhi Daredevils,Delhi Daredevils,SB Jakati,2009-05-02,1
392207,1,0.1,0,1,Kolkata Knight Riders,Kings XI Punjab,BB McCullum,CH Gayle,RR Powar,2,0,,,,,,,,2009-05-03,2009,Port Elizabeth,St George's Park,Kings XI Punjab,Kings XI Punjab,Kolkata Knight Riders,Kolkata Knight Riders,DPMD Jayawardene,2009-05-03,1
392208,1,0.1,0,1,Mumbai Indians,Royal Challengers Bangalore,ST Jayasuriya,SR Tendulkar,P Kumar,0,0,,,,,,,,2009-05-03,2009,Johannesburg,New Wanderers Stadium,Royal Challengers Bangalore,Royal Challengers Bangalore,Mumbai Indians,Mumbai Indians,JH Kallis,2009-05-03,1
392209,1,0.1,0,1,Chennai Super Kings,Deccan Chargers,M Vijay,ML Hayden,RJ Harris,0,0,,,,,,,,2009-05-04,2009,East London,Buffalo Park,Chennai Super Kings,Chennai Super Kings,Deccan Chargers,Chennai Super Kings,MS Dhoni,2009-05-04,1
392210,1,0.1,0,1,Rajasthan Royals,Kings XI Punjab,NV Ojha,GC Smith,RR Powar,0,0,,,,,,,,2009-05-05,2009,Durban,Kingsmead,Rajasthan Royals,Kings XI Punjab,Rajasthan Royals,Kings XI Punjab,GC Smith,2009-05-05,1
392211,1,0.1,0,1,Kolkata Knight Riders,Delhi Daredevils,MN van Wyk,BB McCullum,DP Nannes,1,0,,,,,,,,2009-05-05,2009,Durban,Kingsmead,Delhi Daredevils,Delhi Daredevils,Kolkata Knight Riders,Kolkata Knight Riders,G Gambhir,2009-05-05,1
392212,1,0.1,0,1,Deccan Chargers,Mumbai Indians,AC Gilchrist,HH Gibbs,SL Malinga,0,0,,,,,,,,2009-05-06,2009,Centurion,SuperSport Park,Deccan Chargers,Deccan Chargers,Mumbai Indians,Deccan Chargers,RG Sharma,2009-05-06,1
392213,1,0.1,0,1,Royal Challengers Bangalore,Rajasthan Royals,JH Kallis,W Jaffer,A Singh,0,0,,,,,,,,2009-05-07,2009,Centurion,SuperSport Park,Rajasthan Royals,Royal Challengers Bangalore,Rajasthan Royals,Rajasthan Royals,A Singh,2009-05-07,1
392214,1,0.1,0,1,Chennai Super Kings,Kings XI Punjab,S Badrinath,ML Hayden,IK Pathan,0,0,,,,,,caught,S Badrinath,2009-05-07,2009,Centurion,SuperSport Park,Chennai Super Kings,Chennai Super Kings,Kings XI Punjab,Chennai Super Kings,ML Hayden,2009-05-07,1
392215,1,0.1,0,1,Mumbai Indians,Delhi Daredevils,L Ronchi,JP Duminy,DP Nannes,0,0,,,,,,,,2009-05-08,2009,East London,Buffalo Park,Delhi Daredevils,Delhi Daredevils,Mumbai Indians,Mumbai Indians,A Nehra,2009-05-08,1
392216,1,0.1,0,1,Deccan Chargers,Kings XI Punjab,AC Gilchrist,HH Gibbs,B Lee,0,0,,,,,,,,2009-05-09,2009,Kimberley,De Beers Diamond Oval,Kings XI Punjab,Deccan Chargers,Kings XI Punjab,Kings XI Punjab,DPMD Jayawardene,2009-05-09,1
392217,1,0.1,0,1,Rajasthan Royals,Chennai Super Kings,GC Smith,NV Ojha,JA Morkel,1,0,,,,,,,,2009-05-09,2009,Kimberley,De Beers Diamond Oval,Chennai Super Kings,Chennai Super Kings,Rajasthan Royals,Rajasthan Royals,S Badrinath,2009-05-09,1
392218,1,0.1,0,1,Mumbai Indians,Royal Challengers Bangalore,ST Jayasuriya,SR Tendulkar,JH Kallis,0,1,1.0,,,,,,,2009-05-10,2009,Port Elizabeth,St George's Park,Mumbai Indians,Royal Challengers Bangalore,Mumbai Indians,Mumbai Indians,JP Duminy,2009-05-10,1
392219,1,0.1,0,1,Kolkata Knight Riders,Delhi Daredevils,BB McCullum,SC Ganguly,A Nehra,0,0,,,,,,,,2009-05-10,2009,Johannesburg,New Wanderers Stadium,Delhi Daredevils,Delhi Daredevils,Kolkata Knight Riders,Delhi Daredevils,A Mishra,2009-05-10,1
392220,1,0.1,0,1,Deccan Chargers,Rajasthan Royals,TL Suman,AC Gilchrist,M Morkel,1,0,,,,,,,,2009-05-11,2009,Kimberley,De Beers Diamond Oval,Deccan Chargers,Deccan Chargers,Rajasthan Royals,Deccan Chargers,DR Smith,2009-05-11,1
392221,1,0.1,0,1,Kolkata Knight Riders,Royal Challengers Bangalore,BB McCullum,SC Ganguly,R Vinay Kumar,0,0,,,,,,,,2009-05-12,2009,Centurion,SuperSport Park,Royal Challengers Bangalore,Royal Challengers Bangalore,Kolkata Knight Riders,Royal Challengers Bangalore,LRPL Taylor,2009-05-12,1
392222,1,0.1,0,1,Kings XI Punjab,Mumbai Indians,S Sohal,SM Katich,SL Malinga,0,0,,,,,,,,2009-05-12,2009,Centurion,SuperSport Park,Mumbai Indians,Kings XI Punjab,Mumbai Indians,Kings XI Punjab,Harbhajan Singh,2009-05-12,1
392223,1,0.1,0,1,Delhi Daredevils,Deccan Chargers,G Gambhir,DA Warner,RP Singh,0,0,,,,,,,,2009-05-13,2009,Durban,Kingsmead,Delhi Daredevils,Deccan Chargers,Delhi Daredevils,Deccan Chargers,R Bhatia,2009-05-13,1
392224,1,0.1,0,1,Chennai Super Kings,Royal Challengers Bangalore,M Vijay,ML Hayden,A Kumble,0,0,,,,,,,,2009-05-14,2009,Durban,Kingsmead,Royal Challengers Bangalore,Royal Challengers Bangalore,Chennai Super Kings,Chennai Super Kings,LRPL Taylor,2009-05-14,1
392225,1,0.1,0,1,Rajasthan Royals,Mumbai Indians,RJ Quiney,GC Smith,DS Kulkarni,0,0,,,,,,,,2009-05-14,2009,Durban,Kingsmead,Rajasthan Royals,Mumbai Indians,Rajasthan Royals,Rajasthan Royals,SK Warne,2009-05-14,1
392226,1,0.1,0,1,Delhi Daredevils,Kings XI Punjab,G Gambhir,V Sehwag,B Lee,0,0,,,,,,,,2009-05-15,2009,Bloemfontein,OUTsurance Oval,Kings XI Punjab,Delhi Daredevils,Kings XI Punjab,Kings XI Punjab,B Lee,2009-05-15,1
392227,1,0.1,0,1,Mumbai Indians,Chennai Super Kings,ST Jayasuriya,DJ Bravo,JA Morkel,1,0,,,,,,,,2009-05-16,2009,Port Elizabeth,St George's Park,Chennai Super Kings,Chennai Super Kings,Mumbai Indians,Mumbai Indians,ML Hayden,2009-05-16,1
392228,1,0.1,0,1,Kolkata Knight Riders,Deccan Chargers,BB McCullum,SC Ganguly,RJ Harris,0,0,,,,,,,,2009-05-16,2009,Johannesburg,New Wanderers Stadium,Deccan Chargers,Deccan Chargers,Kolkata Knight Riders,Deccan Chargers,RG Sharma,2009-05-16,1
392229,1,0.1,0,1,Kings XI Punjab,Deccan Chargers,S Sohal,SM Katich,RJ Harris,0,0,,,,,,,,2009-05-17,2009,Johannesburg,New Wanderers Stadium,Kings XI Punjab,Deccan Chargers,Kings XI Punjab,Deccan Chargers,Yuvraj Singh,2009-05-17,1
392230,1,0.1,0,1,Delhi Daredevils,Rajasthan Royals,G Gambhir,V Sehwag,MM Patel,0,0,,,,,,,,2009-05-17,2009,Bloemfontein,OUTsurance Oval,Delhi Daredevils,Delhi Daredevils,Rajasthan Royals,Delhi Daredevils,AB de Villiers,2009-05-17,1
392231,1,0.1,0,1,Chennai Super Kings,Kolkata Knight Riders,PA Patel,GJ Bailey,AB Dinda,1,0,,,,,,,,2009-05-18,2009,Centurion,SuperSport Park,Kolkata Knight Riders,Chennai Super Kings,Kolkata Knight Riders,Chennai Super Kings,BJ Hodge,2009-05-18,1
392232,1,0.1,0,1,Delhi Daredevils,Royal Challengers Bangalore,G Gambhir,V Sehwag,P Kumar,1,0,,,,,,,,2009-05-19,2009,Johannesburg,New Wanderers Stadium,Royal Challengers Bangalore,Royal Challengers Bangalore,Delhi Daredevils,Delhi Daredevils,JH Kallis,2009-05-19,1
392233,1,0.1,0,1,Rajasthan Royals,Kolkata Knight Riders,NV Ojha,RJ Quiney,BJ Hodge,6,0,,,,,,,,2009-05-20,2009,Durban,Kingsmead,Kolkata Knight Riders,Kolkata Knight Riders,Rajasthan Royals,Kolkata Knight Riders,LR Shukla,2009-05-20,1
392234,1,0.1,0,1,Chennai Super Kings,Kings XI Punjab,GJ Bailey,PA Patel,B Lee,0,0,,,,,,,,2009-05-20,2009,Durban,Kingsmead,Chennai Super Kings,Chennai Super Kings,Kings XI Punjab,Chennai Super Kings,M Muralitharan,2009-05-20,1
392235,1,0.1,0,1,Mumbai Indians,Delhi Daredevils,ST Jayasuriya,SR Tendulkar,DP Nannes,0,1,1.0,,,,,,,2009-05-21,2009,Centurion,SuperSport Park,Delhi Daredevils,Delhi Daredevils,Mumbai Indians,Delhi Daredevils,V Sehwag,2009-05-21,1
392236,1,0.1,0,1,Royal Challengers Bangalore,Deccan Chargers,JH Kallis,MK Pandey,RJ Harris,3,0,,,,,,,,2009-05-21,2009,Centurion,SuperSport Park,Royal Challengers Bangalore,Royal Challengers Bangalore,Deccan Chargers,Royal Challengers Bangalore,MK Pandey,2009-05-21,1
392237,1,0.1,0,1,Delhi Daredevils,Deccan Chargers,G Gambhir,DA Warner,RJ Harris,0,0,,,,,,,,2009-05-22,2009,Centurion,SuperSport Park,Deccan Chargers,Delhi Daredevils,Deccan Chargers,Deccan Chargers,AC Gilchrist,2009-05-22,1
392238,1,0.1,0,1,Chennai Super Kings,Royal Challengers Bangalore,PA Patel,ML Hayden,P Kumar,0,0,,,,,,,,2009-05-23,2009,Johannesburg,New Wanderers Stadium,Royal Challengers Bangalore,Royal Challengers Bangalore,Chennai Super Kings,Royal Challengers Bangalore,MK Pandey,2009-05-23,1
392239,1,0.1,0,1,Deccan Chargers,Royal Challengers Bangalore,AC Gilchrist,HH Gibbs,A Kumble,0,0,,,,,,,,2009-05-24,2009,Johannesburg,New Wanderers Stadium,Deccan Chargers,Royal Challengers Bangalore,Deccan Chargers,Royal Challengers Bangalore,A Kumble,2009-05-24,1
419106,1,0.1,0,1,Kolkata Knight Riders,Deccan Chargers,MK Tiwary,BJ Hodge,WPUJC Vaas,0,0,,,,,,caught,MK Tiwary,2010-03-12,2009,Mumbai,Dr DY Patil Sports Academy,Kolkata Knight Riders,Deccan Chargers,Kolkata Knight Riders,Deccan Chargers,AD Mathews,2010-03-12,1
419107,1,0.1,0,1,Mumbai Indians,Rajasthan Royals,ST Jayasuriya,SR Tendulkar,AD Mascarenhas,4,0,,,,,,,,2010-03-13,2009,Mumbai,Brabourne Stadium,Mumbai Indians,Mumbai Indians,Rajasthan Royals,Mumbai Indians,YK Pathan,2010-03-13,1
419108,1,0.1,0,1,Kings XI Punjab,Delhi Daredevils,RS Bopara,MS Bisla,DP Nannes,0,1,1.0,,,,,,,2010-03-13,2009,Chandigarh,"Punjab Cricket Association Stadium, Mohali",Delhi Daredevils,Kings XI Punjab,Delhi Daredevils,Delhi Daredevils,G Gambhir,2010-03-13,1
419109,1,0.1,0,1,Royal Challengers Bangalore,Kolkata Knight Riders,JH Kallis,SP Goswami,CK Langeveldt,0,0,,,,,,,,2010-03-14,2009,Kolkata,Eden Gardens,Kolkata Knight Riders,Kolkata Knight Riders,Royal Challengers Bangalore,Kolkata Knight Riders,MK Tiwary,2010-03-14,1
419110,1,0.1,0,1,Deccan Chargers,Chennai Super Kings,AC Gilchrist,VVS Laxman,JA Morkel,1,0,,,,,,,,2010-03-14,2009,Chennai,"MA Chidambaram Stadium, Chepauk",Deccan Chargers,Chennai Super Kings,Deccan Chargers,Deccan Chargers,WPUJC Vaas,2010-03-14,1
419111,1,0.1,0,1,Rajasthan Royals,Delhi Daredevils,SA Asnodkar,GC Smith,MF Maharoof,4,0,,,,,,,,2010-03-15,2009,Ahmedabad,"Sardar Patel Stadium, Motera",Delhi Daredevils,Rajasthan Royals,Delhi Daredevils,Delhi Daredevils,V Sehwag,2010-03-15,1
419112,1,0.1,0,1,Kings XI Punjab,Royal Challengers Bangalore,RS Bopara,MS Bisla,P Kumar,0,0,,,,,,,,2010-03-16,2009,Bangalore,M Chinnaswamy Stadium,Royal Challengers Bangalore,Royal Challengers Bangalore,Kings XI Punjab,Kings XI Punjab,JH Kallis,2010-03-16,1
419113,1,0.1,0,1,Chennai Super Kings,Kolkata Knight Riders,M Vijay,ML Hayden,SE Bond,0,0,,,,,,,,2010-03-16,2009,Kolkata,Eden Gardens,Chennai Super Kings,Kolkata Knight Riders,Chennai Super Kings,Chennai Super Kings,MS Dhoni,2010-03-16,1
419114,1,0.1,0,1,Mumbai Indians,Delhi Daredevils,ST Jayasuriya,SR Tendulkar,DP Nannes,0,3,3.0,,,,,,,2010-03-17,2009,Delhi,Feroz Shah Kotla,Mumbai Indians,Delhi Daredevils,Mumbai Indians,Delhi Daredevils,SR Tendulkar,2010-03-17,1
419115,1,0.1,0,1,Rajasthan Royals,Royal Challengers Bangalore,NV Ojha,MJ Lumb,P Kumar,0,0,,,,,,,,2010-03-18,2009,Bangalore,M Chinnaswamy Stadium,Royal Challengers Bangalore,Royal Challengers Bangalore,Rajasthan Royals,Royal Challengers Bangalore,JH Kallis,2010-03-18,1
419116,1,0.1,0,1,Delhi Daredevils,Chennai Super Kings,DA Warner,V Sehwag,JA Morkel,0,0,,,,,,,,2010-03-19,2009,Delhi,Feroz Shah Kotla,Chennai Super Kings,Delhi Daredevils,Chennai Super Kings,Delhi Daredevils,ML Hayden,2010-03-19,1
419117,1,0.1,0,1,Deccan Chargers,Kings XI Punjab,AC Gilchrist,VVS Laxman,IK Pathan,1,0,,,,,,,,2010-03-19,2009,Cuttack,Barabati Stadium,Deccan Chargers,Deccan Chargers,Kings XI Punjab,Kings XI Punjab,A Symonds,2010-03-19,1
419118,1,0.1,0,1,Rajasthan Royals,Kolkata Knight Riders,MJ Lumb,NV Ojha,AB Dinda,0,0,,,,,,lbw,MJ Lumb,2010-03-20,2009,Ahmedabad,"Sardar Patel Stadium, Motera",Rajasthan Royals,Rajasthan Royals,Kolkata Knight Riders,Rajasthan Royals,AA Jhunjhunwala,2010-03-20,1
419119,1,0.1,0,1,Mumbai Indians,Royal Challengers Bangalore,ST Jayasuriya,SR Tendulkar,P Kumar,1,0,,,,,,,,2010-03-20,2009,Mumbai,Brabourne Stadium,Royal Challengers Bangalore,Mumbai Indians,Royal Challengers Bangalore,Mumbai Indians,JH Kallis,2010-03-20,1
419120,1,0.1,0,1,Deccan Chargers,Delhi Daredevils,MD Mishra,AC Gilchrist,A Mishra,0,0,,,,,,,,2010-03-21,2009,Cuttack,Barabati Stadium,Deccan Chargers,Deccan Chargers,Delhi Daredevils,Deccan Chargers,A Symonds,2010-03-21,1
419122,1,0.1,0,1,Kolkata Knight Riders,Mumbai Indians,CH Gayle,SC Ganguly,SL Malinga,4,0,,,,,,,,2010-03-22,2009,Mumbai,Brabourne Stadium,Mumbai Indians,Mumbai Indians,Kolkata Knight Riders,Kolkata Knight Riders,SR Tendulkar,2010-03-22,1
419123,1,0.1,0,1,Royal Challengers Bangalore,Chennai Super Kings,MK Pandey,JH Kallis,JA Morkel,1,0,,,,,,,,2010-03-23,2009,Bangalore,M Chinnaswamy Stadium,Royal Challengers Bangalore,Royal Challengers Bangalore,Chennai Super Kings,Chennai Super Kings,RV Uthappa,2010-03-23,1
419124,1,0.1,0,1,Rajasthan Royals,Kings XI Punjab,MJ Lumb,NV Ojha,IK Pathan,0,0,,,,,,,,2010-03-24,2009,Chandigarh,"Punjab Cricket Association Stadium, Mohali",Rajasthan Royals,Kings XI Punjab,Rajasthan Royals,Kings XI Punjab,AC Voges,2010-03-24,1
419125,1,0.1,0,1,Chennai Super Kings,Mumbai Indians,PA Patel,ML Hayden,R McLaren,1,0,,,,,,,,2010-03-25,2009,Mumbai,"Brabourne Stadium, Mumbai",Mumbai Indians,Chennai Super Kings,Mumbai Indians,Mumbai Indians,SR Tendulkar,2010-03-25,1
419128,1,0.1,0,1,Delhi Daredevils,Royal Challengers Bangalore,DA Warner,V Sehwag,P Kumar,2,0,,,,,,,,2010-03-25,2009,Bangalore,M Chinnaswamy Stadium,Delhi Daredevils,Royal Challengers Bangalore,Delhi Daredevils,Royal Challengers Bangalore,KM Jadhav,2010-03-25,1
419126,1,0.1,0,1,Deccan Chargers,Rajasthan Royals,AC Gilchrist,VVS Laxman,S Narwal,1,0,,,,,,,,2010-03-26,2009,Ahmedabad,"Sardar Patel Stadium, Motera",Rajasthan Royals,Rajasthan Royals,Deccan Chargers,Deccan Chargers,YK Pathan,2010-03-26,1
419127,1,0.1,0,1,Kolkata Knight Riders,Kings XI Punjab,CH Gayle,SC Ganguly,B Lee,0,0,,,,,,,,2010-03-27,2009,Chandigarh,"Punjab Cricket Association Stadium, Mohali",Kolkata Knight Riders,Kings XI Punjab,Kolkata Knight Riders,Kolkata Knight Riders,MK Tiwary,2010-03-27,1
419129,1,0.1,0,1,Rajasthan Royals,Chennai Super Kings,MJ Lumb,NV Ojha,JA Morkel,2,0,,,,,,,,2010-03-28,2009,Ahmedabad,"Sardar Patel Stadium, Motera",Rajasthan Royals,Rajasthan Royals,Chennai Super Kings,Rajasthan Royals,NV Ojha,2010-03-28,1
419130,1,0.1,0,1,Mumbai Indians,Deccan Chargers,S Dhawan,SR Tendulkar,KAJ Roach,0,0,,,,,,,,2010-03-28,2009,Mumbai,Dr DY Patil Sports Academy,Mumbai Indians,Deccan Chargers,Mumbai Indians,Deccan Chargers,Harbhajan Singh,2010-03-28,1
419131,1,0.1,0,1,Delhi Daredevils,Kolkata Knight Riders,DA Warner,V Sehwag,CH Gayle,0,0,,,,,,,,2010-03-29,2009,Delhi,Feroz Shah Kotla,Delhi Daredevils,Delhi Daredevils,Kolkata Knight Riders,Delhi Daredevils,DA Warner,2010-03-29,1
419132,1,0.1,0,1,Kings XI Punjab,Mumbai Indians,RS Bopara,SE Marsh,R McLaren,0,0,,,,,,,,2010-03-30,2009,Mumbai,Brabourne Stadium,Mumbai Indians,Mumbai Indians,Kings XI Punjab,Mumbai Indians,SL Malinga,2010-03-30,1
419133,1,0.1,0,1,Royal Challengers Bangalore,Chennai Super Kings,MK Pandey,JH Kallis,T Thushara,0,0,,,,,,,,2010-03-31,2009,Chennai,"MA Chidambaram Stadium, Chepauk",Chennai Super Kings,Chennai Super Kings,Royal Challengers Bangalore,Royal Challengers Bangalore,M Vijay,2010-03-31,1
419134,1,0.1,0,1,Delhi Daredevils,Rajasthan Royals,DA Warner,V Sehwag,YK Pathan,0,0,,,,,,,,2010-03-31,2009,Delhi,Feroz Shah Kotla,Delhi Daredevils,Delhi Daredevils,Rajasthan Royals,Delhi Daredevils,KD Karthik,2010-03-31,1
419135,1,0.1,0,1,Kolkata Knight Riders,Deccan Chargers,SC Ganguly,CH Gayle,KAJ Roach,4,0,,,,,,,,2010-04-01,2009,Kolkata,Eden Gardens,Kolkata Knight Riders,Kolkata Knight Riders,Deccan Chargers,Kolkata Knight Riders,SC Ganguly,2010-04-01,1
419136,1,0.1,0,1,Kings XI Punjab,Royal Challengers Bangalore,SE Marsh,MS Bisla,P Kumar,0,0,,,,,,,,2010-04-02,2009,Chandigarh,"Punjab Cricket Association Stadium, Mohali",Royal Challengers Bangalore,Kings XI Punjab,Royal Challengers Bangalore,Kings XI Punjab,KP Pietersen,2010-04-02,1
419137,1,0.1,0,1,Chennai Super Kings,Rajasthan Royals,M Vijay,ML Hayden,YK Pathan,1,0,,,,,,,,2010-04-03,2009,Chennai,"MA Chidambaram Stadium, Chepauk",Chennai Super Kings,Chennai Super Kings,Rajasthan Royals,Chennai Super Kings,M Vijay,2010-04-03,1
419138,1,0.1,0,1,Mumbai Indians,Deccan Chargers,S Dhawan,SR Tendulkar,RG Sharma,0,1,1.0,,,,,,,2010-04-03,2009,Mumbai,Brabourne Stadium,Mumbai Indians,Mumbai Indians,Deccan Chargers,Mumbai Indians,AT Rayudu,2010-04-03,1
419139,1,0.1,0,1,Kolkata Knight Riders,Kings XI Punjab,SC Ganguly,CH Gayle,IK Pathan,0,0,,,,,,,,2010-04-04,2009,Kolkata,Eden Gardens,Kings XI Punjab,Kolkata Knight Riders,Kings XI Punjab,Kolkata Knight Riders,DPMD Jayawardene,2010-04-04,1
419140,1,0.1,0,1,Delhi Daredevils,Royal Challengers Bangalore,DA Warner,V Sehwag,A Kumble,1,0,,,,,,,,2010-04-04,2009,Delhi,Feroz Shah Kotla,Delhi Daredevils,Delhi Daredevils,Royal Challengers Bangalore,Delhi Daredevils,PD Collingwood,2010-04-04,1
419141,1,0.1,0,1,Rajasthan Royals,Deccan Chargers,MJ Lumb,NV Ojha,RJ Harris,0,0,,,,,,,,2010-04-05,2009,Nagpur,"Vidarbha Cricket Association Stadium, Jamtha",Rajasthan Royals,Deccan Chargers,Rajasthan Royals,Rajasthan Royals,SK Warne,2010-04-05,1
419142,1,0.1,0,1,Chennai Super Kings,Mumbai Indians,M Vijay,ML Hayden,R McLaren,0,0,,,,,,,,2010-04-06,2009,Chennai,"MA Chidambaram Stadium, Chepauk",Chennai Super Kings,Chennai Super Kings,Mumbai Indians,Chennai Super Kings,SK Raina,2010-04-06,1
419143,1,0.1,0,1,Kings XI Punjab,Rajasthan Royals,MS Bisla,DPMD Jayawardene,AP Dole,0,0,,,,,,,,2010-04-07,2009,Jaipur,Sawai Mansingh Stadium,Rajasthan Royals,Rajasthan Royals,Kings XI Punjab,Kings XI Punjab,MJ Lumb,2010-04-07,1
419144,1,0.1,0,1,Kolkata Knight Riders,Delhi Daredevils,SC Ganguly,CH Gayle,MF Maharoof,0,0,,,,,,,,2010-04-07,2009,Kolkata,Eden Gardens,Kolkata Knight Riders,Kolkata Knight Riders,Delhi Daredevils,Kolkata Knight Riders,SC Ganguly,2010-04-07,1
419145,1,0.1,0,1,Royal Challengers Bangalore,Deccan Chargers,MK Pandey,JH Kallis,RJ Harris,0,0,,,,,,,,2010-04-08,2009,Bangalore,M Chinnaswamy Stadium,Deccan Chargers,Royal Challengers Bangalore,Deccan Chargers,Deccan Chargers,TL Suman,2010-04-08,1
419146,1,0.1,0,1,Mumbai Indians,Kings XI Punjab,S Dhawan,SR Tendulkar,B Lee,1,0,,,,,,,,2010-04-09,2009,Chandigarh,"Punjab Cricket Association Stadium, Mohali",Kings XI Punjab,Kings XI Punjab,Mumbai Indians,Mumbai Indians,KC Sangakkara,2010-04-09,1
419147,1,0.1,0,1,Chennai Super Kings,Deccan Chargers,M Vijay,ML Hayden,RJ Harris,1,0,,,,,,,,2010-04-10,2009,Nagpur,"Vidarbha Cricket Association Stadium, Jamtha",Deccan Chargers,Deccan Chargers,Chennai Super Kings,Chennai Super Kings,RJ Harris,2010-04-10,1
419148,1,0.1,0,1,Kolkata Knight Riders,Royal Challengers Bangalore,SC Ganguly,CH Gayle,P Kumar,0,0,,,,,,,,2010-04-10,2009,Bangalore,M Chinnaswamy Stadium,Royal Challengers Bangalore,Royal Challengers Bangalore,Kolkata Knight Riders,Royal Challengers Bangalore,R Vinay Kumar,2010-04-10,1
419149,1,0.1,0,1,Delhi Daredevils,Kings XI Punjab,DA Warner,V Sehwag,RR Powar,4,0,,,,,,,,2010-04-11,2009,Delhi,Feroz Shah Kotla,Kings XI Punjab,Delhi Daredevils,Kings XI Punjab,Delhi Daredevils,PP Chawla,2010-04-11,1
419150,1,0.1,0,1,Mumbai Indians,Rajasthan Royals,ST Jayasuriya,SR Tendulkar,YK Pathan,0,1,1.0,,,,,,,2010-04-11,2009,Jaipur,Sawai Mansingh Stadium,Mumbai Indians,Rajasthan Royals,Mumbai Indians,Rajasthan Royals,SR Tendulkar,2010-04-11,1
419151,1,0.1,0,1,Deccan Chargers,Royal Challengers Bangalore,HH Gibbs,AC Gilchrist,DW Steyn,0,0,,,,,,,,2010-04-12,2009,Nagpur,"Vidarbha Cricket Association Stadium, Jamtha",Deccan Chargers,Deccan Chargers,Royal Challengers Bangalore,Royal Challengers Bangalore,Harmeet Singh,2010-04-12,1
419152,1,0.1,0,1,Mumbai Indians,Delhi Daredevils,C Madan,SR Tendulkar,A Nehra,4,0,,,,,,,,2010-04-13,2009,Mumbai,Brabourne Stadium,Mumbai Indians,Mumbai Indians,Delhi Daredevils,Mumbai Indians,KA Pollard,2010-04-13,1
419153,1,0.1,0,1,Kolkata Knight Riders,Chennai Super Kings,SC Ganguly,CH Gayle,R Ashwin,0,0,,,,,,,,2010-04-13,2009,Chennai,"MA Chidambaram Stadium, Chepauk",Chennai Super Kings,Chennai Super Kings,Kolkata Knight Riders,Kolkata Knight Riders,R Ashwin,2010-04-13,1
419154,1,0.1,0,1,Rajasthan Royals,Royal Challengers Bangalore,MJ Lumb,NV Ojha,A Kumble,0,0,,,,,,,,2010-04-14,2009,Jaipur,Sawai Mansingh Stadium,Royal Challengers Bangalore,Rajasthan Royals,Royal Challengers Bangalore,Rajasthan Royals,KP Pietersen,2010-04-14,1
419155,1,0.1,0,1,Chennai Super Kings,Delhi Daredevils,M Vijay,ML Hayden,DP Nannes,0,2,2.0,,,,,,,2010-04-15,2009,Chennai,"MA Chidambaram Stadium, Chepauk",Delhi Daredevils,Chennai Super Kings,Delhi Daredevils,Chennai Super Kings,G Gambhir,2010-04-15,1
419156,1,0.1,0,1,Kings XI Punjab,Deccan Chargers,DPMD Jayawardene,SE Marsh,RJ Harris,0,0,,,,,,,,2010-04-16,2009,Dharamsala,Himachal Pradesh Cricket Association Stadium,Deccan Chargers,Kings XI Punjab,Deccan Chargers,Deccan Chargers,RG Sharma,2010-04-16,1
419157,1,0.1,0,1,Mumbai Indians,Royal Challengers Bangalore,R McLaren,SR Tendulkar,DW Steyn,1,0,,,,,,,,2010-04-17,2009,Bangalore,M Chinnaswamy Stadium,Mumbai Indians,Royal Challengers Bangalore,Mumbai Indians,Royal Challengers Bangalore,R McLaren,2010-04-17,1
419158,1,0.1,0,1,Rajasthan Royals,Kolkata Knight Riders,SR Watson,NV Ojha,SE Bond,4,0,,,,,,,,2010-04-17,2009,Kolkata,Eden Gardens,Kolkata Knight Riders,Kolkata Knight Riders,Rajasthan Royals,Rajasthan Royals,JD Unadkat,2010-04-17,1
419159,1,0.1,0,1,Kings XI Punjab,Chennai Super Kings,DPMD Jayawardene,SE Marsh,S Tyagi,0,1,1.0,,,,,,,2010-04-18,2009,Dharamsala,Himachal Pradesh Cricket Association Stadium,Chennai Super Kings,Kings XI Punjab,Chennai Super Kings,Chennai Super Kings,MS Dhoni,2010-04-18,1
419160,1,0.1,0,1,Deccan Chargers,Delhi Daredevils,AC Gilchrist,MD Mishra,DP Nannes,0,0,,,,,,,,2010-04-18,2009,Delhi,Feroz Shah Kotla,Deccan Chargers,Delhi Daredevils,Deccan Chargers,Deccan Chargers,A Symonds,2010-04-18,1
419161,1,0.1,0,1,Mumbai Indians,Kolkata Knight Riders,AP Tare,S Dhawan,SE Bond,1,0,,,,,,,,2010-04-19,2009,Kolkata,Eden Gardens,Kolkata Knight Riders,Kolkata Knight Riders,Mumbai Indians,Mumbai Indians,M Kartik,2010-04-19,1
419162,1,0.1,0,1,Mumbai Indians,Royal Challengers Bangalore,S Dhawan,SR Tendulkar,P Kumar,0,0,,,,,,,,2010-04-21,2009,Mumbai,Dr DY Patil Sports Academy,Mumbai Indians,Royal Challengers Bangalore,Mumbai Indians,Mumbai Indians,KA Pollard,2010-04-21,1
419163,1,0.1,0,1,Chennai Super Kings,Deccan Chargers,M Vijay,ML Hayden,A Symonds,0,1,1.0,,,,,,,2010-04-22,2009,Mumbai,Dr DY Patil Sports Academy,Chennai Super Kings,Chennai Super Kings,Deccan Chargers,Chennai Super Kings,DE Bollinger,2010-04-22,1
419164,1,0.1,0,1,Deccan Chargers,Royal Challengers Bangalore,AC Gilchrist,MD Mishra,A Kumble,4,0,,,,,,,,2010-04-24,2009,Mumbai,Dr DY Patil Sports Academy,Royal Challengers Bangalore,Royal Challengers Bangalore,Deccan Chargers,Deccan Chargers,A Kumble,2010-04-24,1
419165,1,0.1,0,1,Chennai Super Kings,Mumbai Indians,M Vijay,ML Hayden,Harbhajan Singh,1,0,,,,,,,,2010-04-25,2009,Mumbai,Dr DY Patil Sports Academy,Chennai Super Kings,Chennai Super Kings,Mumbai Indians,Chennai Super Kings,SK Raina,2010-04-25,1
501198,1,0.1,0,1,Chennai Super Kings,Kolkata Knight Riders,S Anirudha,M Vijay,Iqbal Abdulla,0,0,,,,,,,,2011-04-08,2011,Chennai,"MA Chidambaram Stadium, Chepauk",Chennai Super Kings,Chennai Super Kings,Kolkata Knight Riders,Chennai Super Kings,S Anirudha,2011-04-08,1
501199,1,0.1,0,1,Deccan Chargers,Rajasthan Royals,S Dhawan,IR Jaggi,JDP Oram,5,0,,,,,,,,2011-04-09,2011,Hyderabad,"Rajiv Gandhi International Stadium, Uppal",Rajasthan Royals,Deccan Chargers,Rajasthan Royals,Rajasthan Royals,SK Trivedi,2011-04-09,1
501200,1,0.1,0,1,Kochi Tuskers Kerala,Royal Challengers Bangalore,BB McCullum,VVS Laxman,Z Khan,1,0,,,,,,,,2011-04-09,2011,Kochi,Nehru Stadium,Royal Challengers Bangalore,Kochi Tuskers Kerala,Royal Challengers Bangalore,Kochi Tuskers Kerala,AB de Villiers,2011-04-09,1
501201,1,0.1,0,1,Delhi Daredevils,Mumbai Indians,DA Warner,V Sehwag,Harbhajan Singh,0,0,,,,,,,,2011-04-10,2011,Delhi,Feroz Shah Kotla,Mumbai Indians,Delhi Daredevils,Mumbai Indians,Delhi Daredevils,SL Malinga,2011-04-10,1
501202,1,0.1,0,1,Kings XI Punjab,Pune Warriors,AC Gilchrist,SE Marsh,AC Thomas,0,0,,,,,,,,2011-04-10,2011,Mumbai,Dr DY Patil Sports Academy,Pune Warriors,Pune Warriors,Kings XI Punjab,Kings XI Punjab,SB Wagh,2011-04-10,1
501203,1,0.1,0,1,Kolkata Knight Riders,Deccan Chargers,JH Kallis,MS Bisla,DW Steyn,4,0,,,,,,,,2011-04-11,2011,Kolkata,Eden Gardens,Kolkata Knight Riders,Kolkata Knight Riders,Deccan Chargers,Kolkata Knight Riders,JH Kallis,2011-04-11,1
501204,1,0.1,0,1,Delhi Daredevils,Rajasthan Royals,DA Warner,V Sehwag,SW Tait,1,0,,,,,,,,2011-04-12,2011,Jaipur,Sawai Mansingh Stadium,Rajasthan Royals,Rajasthan Royals,Delhi Daredevils,Delhi Daredevils,SK Warne,2011-04-12,1
501205,1,0.1,0,1,Royal Challengers Bangalore,Mumbai Indians,MA Agarwal,TM Dilshan,SL Malinga,0,0,,,,,,bowled,MA Agarwal,2011-04-12,2011,Bangalore,M Chinnaswamy Stadium,Mumbai Indians,Royal Challengers Bangalore,Mumbai Indians,Mumbai Indians,SR Tendulkar,2011-04-12,1
501206,1,0.1,0,1,Chennai Super Kings,Kings XI Punjab,S Anirudha,M Vijay,P Kumar,0,0,,,,,,lbw,S Anirudha,2011-04-13,2011,Chandigarh,"Punjab Cricket Association Stadium, Mohali",Kings XI Punjab,Kings XI Punjab,Chennai Super Kings,Kings XI Punjab,PC Valthaty,2011-04-13,1
501207,1,0.1,0,1,Kochi Tuskers Kerala,Pune Warriors,BB McCullum,VVS Laxman,AC Thomas,0,0,,,,,,caught,BB McCullum,2011-04-13,2011,Mumbai,Dr DY Patil Sports Academy,Pune Warriors,Pune Warriors,Kochi Tuskers Kerala,Kochi Tuskers Kerala,MD Mishra,2011-04-13,1
501208,1,0.1,0,1,Deccan Chargers,Royal Challengers Bangalore,S Sohal,S Dhawan,Z Khan,0,0,,,,,,,,2011-04-14,2011,Hyderabad,"Rajiv Gandhi International Stadium, Uppal",Deccan Chargers,Deccan Chargers,Royal Challengers Bangalore,Royal Challengers Bangalore,DW Steyn,2011-04-14,1
501209,1,0.1,0,1,Rajasthan Royals,Kolkata Knight Riders,AG Paunikar,R Dravid,B Lee,0,0,,,,,,,,2011-04-15,2011,Jaipur,Sawai Mansingh Stadium,Kolkata Knight Riders,Rajasthan Royals,Kolkata Knight Riders,Kolkata Knight Riders,G Gambhir,2011-04-15,1
501210,1,0.1,0,1,Mumbai Indians,Kochi Tuskers Kerala,DJ Jacobs,SR Tendulkar,RP Singh,0,0,,,,,,,,2011-04-15,2011,Mumbai,Wankhede Stadium,Kochi Tuskers Kerala,Mumbai Indians,Kochi Tuskers Kerala,Kochi Tuskers Kerala,BB McCullum,2011-04-15,1
501211,1,0.1,0,1,Chennai Super Kings,Royal Challengers Bangalore,MEK Hussey,M Vijay,Z Khan,1,0,,,,,,,,2011-04-16,2011,Chennai,"MA Chidambaram Stadium, Chepauk",Chennai Super Kings,Chennai Super Kings,Royal Challengers Bangalore,Chennai Super Kings,MEK Hussey,2011-04-16,1
501212,1,0.1,0,1,Deccan Chargers,Kings XI Punjab,S Sohal,S Dhawan,P Kumar,4,0,,,,,,,,2011-04-16,2011,Hyderabad,"Rajiv Gandhi International Stadium, Uppal",Kings XI Punjab,Deccan Chargers,Kings XI Punjab,Kings XI Punjab,PC Valthaty,2011-04-16,1
501213,1,0.1,0,1,Pune Warriors,Delhi Daredevils,JD Ryder,GC Smith,Y Venugopal Rao,0,0,,,,,,,,2011-04-17,2011,Mumbai,Dr DY Patil Sports Academy,Delhi Daredevils,Pune Warriors,Delhi Daredevils,Delhi Daredevils,Yuvraj Singh,2011-04-17,1
501214,1,0.1,0,1,Rajasthan Royals,Kolkata Knight Riders,SR Watson,AG Paunikar,B Lee,0,0,,,,,,,,2011-04-17,2011,Kolkata,Eden Gardens,Kolkata Knight Riders,Kolkata Knight Riders,Rajasthan Royals,Kolkata Knight Riders,L Balaji,2011-04-17,1
501215,1,0.1,0,1,Chennai Super Kings,Kochi Tuskers Kerala,MEK Hussey,M Vijay,RP Singh,0,0,,,,,,,,2011-04-18,2011,Kochi,Nehru Stadium,Kochi Tuskers Kerala,Kochi Tuskers Kerala,Chennai Super Kings,Kochi Tuskers Kerala,BB McCullum,2011-04-18,1
501216,1,0.1,0,1,Deccan Chargers,Delhi Daredevils,S Sohal,S Dhawan,AB Dinda,4,0,,,,,,,,2011-04-19,2011,Delhi,Feroz Shah Kotla,Deccan Chargers,Delhi Daredevils,Deccan Chargers,Deccan Chargers,S Sohal,2011-04-19,1
501218,1,0.1,0,1,Pune Warriors,Mumbai Indians,JD Ryder,TD Paine,AG Murtaza,0,0,,,,,,,,2011-04-20,2011,Mumbai,Wankhede Stadium,Mumbai Indians,Mumbai Indians,Pune Warriors,Pune Warriors,MM Patel,2011-04-20,1
501219,1,0.1,0,1,Kochi Tuskers Kerala,Kolkata Knight Riders,BB McCullum,DPMD Jayawardene,B Lee,0,0,,,,,,,,2011-04-20,2011,Kolkata,Eden Gardens,Kochi Tuskers Kerala,Kolkata Knight Riders,Kochi Tuskers Kerala,Kolkata Knight Riders,DPMD Jayawardene,2011-04-20,1
501220,1,0.1,0,1,Kings XI Punjab,Rajasthan Royals,AC Gilchrist,PC Valthaty,SK Trivedi,0,0,,,,,,,,2011-04-21,2011,Chandigarh,"Punjab Cricket Association Stadium, Mohali",Kings XI Punjab,Kings XI Punjab,Rajasthan Royals,Rajasthan Royals,SE Marsh,2011-04-21,1
501221,1,0.1,0,1,Mumbai Indians,Chennai Super Kings,R Sathish,SR Tendulkar,JA Morkel,0,0,,,,,,,,2011-04-22,2011,Mumbai,Wankhede Stadium,Mumbai Indians,Mumbai Indians,Chennai Super Kings,Chennai Super Kings,Harbhajan Singh,2011-04-22,1
501222,1,0.1,0,1,Kolkata Knight Riders,Royal Challengers Bangalore,JH Kallis,BJ Haddin,Z Khan,4,0,,,,,,,,2011-04-22,2011,Kolkata,Eden Gardens,Royal Challengers Bangalore,Kolkata Knight Riders,Royal Challengers Bangalore,Royal Challengers Bangalore,CH Gayle,2011-04-22,1
501223,1,0.1,0,1,Delhi Daredevils,Kings XI Punjab,DA Warner,V Sehwag,P Kumar,0,0,,,,,,,,2011-04-23,2011,Delhi,Feroz Shah Kotla,Delhi Daredevils,Delhi Daredevils,Kings XI Punjab,Kings XI Punjab,DA Warner,2011-04-23,1
501224,1,0.1,0,1,Mumbai Indians,Deccan Chargers,DJ Jacobs,SR Tendulkar,A Mishra,1,0,,,,,,,,2011-04-24,2011,Hyderabad,"Rajiv Gandhi International Stadium, Uppal",Mumbai Indians,Deccan Chargers,Mumbai Indians,Deccan Chargers,SL Malinga,2011-04-24,1
501225,1,0.1,0,1,Kochi Tuskers Kerala,Rajasthan Royals,DPMD Jayawardene,VVS Laxman,A Singh,1,0,,,,,,,,2011-04-24,2011,Jaipur,Sawai Mansingh Stadium,Rajasthan Royals,Rajasthan Royals,Kochi Tuskers Kerala,Rajasthan Royals,SK Warne,2011-04-24,1
501226,1,0.1,0,1,Chennai Super Kings,Pune Warriors,M Vijay,MEK Hussey,NL McCullum,0,0,,,,,,,,2011-04-25,2011,Chennai,"MA Chidambaram Stadium, Chepauk",Chennai Super Kings,Chennai Super Kings,Pune Warriors,Pune Warriors,MEK Hussey,2011-04-25,1
501227,1,0.1,0,1,Delhi Daredevils,Royal Challengers Bangalore,DA Warner,V Sehwag,Z Khan,0,0,,,,,,,,2011-04-26,2011,Delhi,Feroz Shah Kotla,Royal Challengers Bangalore,Delhi Daredevils,Royal Challengers Bangalore,Royal Challengers Bangalore,V Kohli,2011-04-26,1
501228,1,0.1,0,1,Pune Warriors,Chennai Super Kings,JD Ryder,MD Mishra,KMDN Kulasekara,1,0,,,,,,,,2011-04-27,2011,Mumbai,Dr DY Patil Sports Academy,Chennai Super Kings,Pune Warriors,Chennai Super Kings,Pune Warriors,DE Bollinger,2011-04-27,1
501229,1,0.1,0,1,Deccan Chargers,Kochi Tuskers Kerala,S Sohal,S Dhawan,RP Singh,1,0,,,,,,,,2011-04-27,2011,Kochi,Nehru Stadium,Deccan Chargers,Kochi Tuskers Kerala,Deccan Chargers,Kochi Tuskers Kerala,I Sharma,2011-04-27,1
501230,1,0.1,0,1,Kolkata Knight Riders,Delhi Daredevils,JH Kallis,SP Goswami,IK Pathan,1,0,,,,,,,,2011-04-28,2011,Delhi,Feroz Shah Kotla,Kolkata Knight Riders,Delhi Daredevils,Kolkata Knight Riders,Delhi Daredevils,MK Tiwary,2011-04-28,1
501231,1,0.1,0,1,Mumbai Indians,Rajasthan Royals,DJ Jacobs,SR Tendulkar,AL Menaria,1,0,,,,,,,,2011-04-29,2011,Jaipur,Sawai Mansingh Stadium,Rajasthan Royals,Rajasthan Royals,Mumbai Indians,Rajasthan Royals,J Botha,2011-04-29,1
501232,1,0.1,0,1,Royal Challengers Bangalore,Pune Warriors,CH Gayle,TM Dilshan,AC Thomas,0,0,,,,,,,,2011-04-29,2011,Bangalore,M Chinnaswamy Stadium,Royal Challengers Bangalore,Royal Challengers Bangalore,Pune Warriors,Pune Warriors,V Kohli,2011-04-29,1
501233,1,0.1,0,1,Delhi Daredevils,Kochi Tuskers Kerala,DA Warner,V Sehwag,RP Singh,0,1,1.0,,,,,,,2011-04-30,2011,Kochi,Nehru Stadium,Delhi Daredevils,Kochi Tuskers Kerala,Delhi Daredevils,Delhi Daredevils,V Sehwag,2011-04-30,1
501234,1,0.1,0,1,Kings XI Punjab,Kolkata Knight Riders,AC Gilchrist,PC Valthaty,B Lee,0,0,,,,,,,,2011-04-30,2011,Kolkata,Eden Gardens,Kolkata Knight Riders,Kolkata Knight Riders,Kings XI Punjab,Kolkata Knight Riders,Iqbal Abdulla,2011-04-30,1
501235,1,0.1,0,1,Pune Warriors,Rajasthan Royals,JD Ryder,MK Pandey,J Botha,0,0,,,,,,,,2011-05-01,2011,Jaipur,Sawai Mansingh Stadium,Rajasthan Royals,Rajasthan Royals,Pune Warriors,Rajasthan Royals,LRPL Taylor,2011-05-01,1
501236,1,0.1,0,1,Chennai Super Kings,Deccan Chargers,M Vijay,MEK Hussey,JP Duminy,0,1,1.0,,,,,,,2011-05-01,2011,Chennai,"MA Chidambaram Stadium, Chepauk",Chennai Super Kings,Chennai Super Kings,Deccan Chargers,Chennai Super Kings,JA Morkel,2011-05-01,1
501237,1,0.1,0,1,Mumbai Indians,Kings XI Punjab,DJ Jacobs,SR Tendulkar,BA Bhatt,1,0,,,,,,,,2011-05-02,2011,Mumbai,Wankhede Stadium,Mumbai Indians,Mumbai Indians,Kings XI Punjab,Kings XI Punjab,KA Pollard,2011-05-02,1
501238,1,0.1,0,1,Delhi Daredevils,Kochi Tuskers Kerala,DA Warner,V Sehwag,RP Singh,1,0,,,,,,,,2011-05-02,2011,Delhi,Feroz Shah Kotla,Kochi Tuskers Kerala,Delhi Daredevils,Kochi Tuskers Kerala,Kochi Tuskers Kerala,P Parameswaran,2011-05-02,1
501239,1,0.1,0,1,Kolkata Knight Riders,Deccan Chargers,EJG Morgan,JH Kallis,DT Christian,2,0,,,,,,,,2011-05-03,2011,Hyderabad,"Rajiv Gandhi International Stadium, Uppal",Kolkata Knight Riders,Deccan Chargers,Kolkata Knight Riders,Deccan Chargers,YK Pathan,2011-05-03,1
501240,1,0.1,0,1,Rajasthan Royals,Chennai Super Kings,SR Watson,R Dravid,JA Morkel,0,0,,,,,,,,2011-05-04,2011,Chennai,"MA Chidambaram Stadium, Chepauk",Chennai Super Kings,Chennai Super Kings,Rajasthan Royals,Rajasthan Royals,MEK Hussey,2011-05-04,1
501241,1,0.1,0,1,Mumbai Indians,Pune Warriors,AC Blizzard,SR Tendulkar,AC Thomas,1,0,,,,,,,,2011-05-04,2011,Mumbai,Dr DY Patil Sports Academy,Mumbai Indians,Pune Warriors,Mumbai Indians,Pune Warriors,R Sharma,2011-05-04,1
501242,1,0.1,0,1,Kochi Tuskers Kerala,Kolkata Knight Riders,BB McCullum,M Klinger,B Lee,0,0,,,,,,,,2011-05-05,2011,Kochi,Nehru Stadium,Kochi Tuskers Kerala,Kochi Tuskers Kerala,Kolkata Knight Riders,Kolkata Knight Riders,BJ Hodge,2011-05-05,1
501243,1,0.1,0,1,Deccan Chargers,Delhi Daredevils,S Dhawan,DB Ravi Teja,M Morkel,4,0,,,,,,,,2011-05-05,2011,Hyderabad,"Rajiv Gandhi International Stadium, Uppal",Delhi Daredevils,Deccan Chargers,Delhi Daredevils,Delhi Daredevils,V Sehwag,2011-05-05,1
501244,1,0.1,0,1,Royal Challengers Bangalore,Kings XI Punjab,CH Gayle,TM Dilshan,P Kumar,0,0,,,,,,,,2011-05-06,2011,Bangalore,M Chinnaswamy Stadium,Royal Challengers Bangalore,Royal Challengers Bangalore,Kings XI Punjab,Kings XI Punjab,CH Gayle,2011-05-06,1
501245,1,0.1,0,1,Chennai Super Kings,Kolkata Knight Riders,MEK Hussey,M Vijay,B Lee,0,0,,,,,,,,2011-05-07,2011,Kolkata,Eden Gardens,Kolkata Knight Riders,Kolkata Knight Riders,Chennai Super Kings,Chennai Super Kings,Iqbal Abdulla,2011-05-07,1
501246,1,0.1,0,1,Mumbai Indians,Delhi Daredevils,AC Blizzard,SR Tendulkar,M Morkel,0,0,,,,,,,,2011-05-07,2011,Mumbai,Wankhede Stadium,Mumbai Indians,Mumbai Indians,Delhi Daredevils,Delhi Daredevils,AT Rayudu,2011-05-07,1
501247,1,0.1,0,1,Kochi Tuskers Kerala,Royal Challengers Bangalore,M Klinger,BB McCullum,Z Khan,1,0,,,,,,,,2011-05-08,2011,Bangalore,M Chinnaswamy Stadium,Royal Challengers Bangalore,Royal Challengers Bangalore,Kochi Tuskers Kerala,Kochi Tuskers Kerala,CH Gayle,2011-05-08,1
501248,1,0.1,0,1,Kings XI Punjab,Pune Warriors,AC Gilchrist,PC Valthaty,B Kumar,0,0,,,,,,,,2011-05-08,2011,Chandigarh,"Punjab Cricket Association Stadium, Mohali",Pune Warriors,Kings XI Punjab,Pune Warriors,Kings XI Punjab,R Sharma,2011-05-08,1
501249,1,0.1,0,1,Chennai Super Kings,Rajasthan Royals,MEK Hussey,M Vijay,AL Menaria,4,0,,,,,,,,2011-05-09,2011,Jaipur,Sawai Mansingh Stadium,Chennai Super Kings,Rajasthan Royals,Chennai Super Kings,Rajasthan Royals,M Vijay,2011-05-09,1
501250,1,0.1,0,1,Deccan Chargers,Pune Warriors,S Dhawan,DB Ravi Teja,B Kumar,0,0,,,,,,,,2011-05-10,2011,Hyderabad,"Rajiv Gandhi International Stadium, Uppal",Pune Warriors,Deccan Chargers,Pune Warriors,Deccan Chargers,MR Marsh,2011-05-10,1
501251,1,0.1,0,1,Kings XI Punjab,Mumbai Indians,PC Valthaty,AC Gilchrist,Harbhajan Singh,0,0,,,,,,,,2011-05-10,2011,Chandigarh,"Punjab Cricket Association Stadium, Mohali",Kings XI Punjab,Kings XI Punjab,Mumbai Indians,Mumbai Indians,BA Bhatt,2011-05-10,1
501252,1,0.1,0,1,Rajasthan Royals,Royal Challengers Bangalore,SR Watson,R Dravid,Z Khan,0,0,,,,,,,,2011-05-11,2011,Jaipur,Sawai Mansingh Stadium,Royal Challengers Bangalore,Rajasthan Royals,Royal Challengers Bangalore,Royal Challengers Bangalore,S Aravind,2011-05-11,1
501253,1,0.1,0,1,Chennai Super Kings,Delhi Daredevils,MEK Hussey,M Vijay,IK Pathan,1,0,,,,,,,,2011-05-12,2011,Chennai,"MA Chidambaram Stadium, Chepauk",Chennai Super Kings,Chennai Super Kings,Delhi Daredevils,Chennai Super Kings,MS Dhoni,2011-05-12,1
501254,1,0.1,0,1,Kochi Tuskers Kerala,Kings XI Punjab,BB McCullum,DPMD Jayawardene,RJ Harris,0,0,,,,,,,,2011-05-13,2011,Indore,Holkar Cricket Stadium,Kings XI Punjab,Kochi Tuskers Kerala,Kings XI Punjab,Kings XI Punjab,KD Karthik,2011-05-13,1
501255,1,0.1,0,1,Kolkata Knight Riders,Royal Challengers Bangalore,JH Kallis,EJG Morgan,Z Khan,0,0,,,,,,,,2011-05-14,2011,Bangalore,M Chinnaswamy Stadium,Royal Challengers Bangalore,Royal Challengers Bangalore,Kolkata Knight Riders,Royal Challengers Bangalore,CH Gayle,2011-05-14,1
501256,1,0.1,0,1,Deccan Chargers,Mumbai Indians,MJ Lumb,S Sohal,SL Malinga,0,0,,,,,,,,2011-05-14,2011,Mumbai,Wankhede Stadium,Deccan Chargers,Mumbai Indians,Deccan Chargers,Deccan Chargers,A Mishra,2011-05-14,1
501257,1,0.1,0,1,Kings XI Punjab,Delhi Daredevils,PC Valthaty,AC Gilchrist,IK Pathan,1,0,,,,,,,,2011-05-15,2011,Dharamsala,Himachal Pradesh Cricket Association Stadium,Kings XI Punjab,Kings XI Punjab,Delhi Daredevils,Delhi Daredevils,PP Chawla,2011-05-15,1
501258,1,0.1,0,1,Rajasthan Royals,Kochi Tuskers Kerala,FY Fazal,R Dravid,RP Singh,0,0,,,,,,,,2011-05-15,2011,Indore,Holkar Cricket Stadium,Kochi Tuskers Kerala,Kochi Tuskers Kerala,Rajasthan Royals,Kochi Tuskers Kerala,BJ Hodge,2011-05-15,1
501259,1,0.1,0,1,Pune Warriors,Deccan Chargers,JD Ryder,MK Pandey,JP Duminy,0,0,,,,,,,,2011-05-16,2011,Mumbai,Dr DY Patil Sports Academy,Deccan Chargers,Pune Warriors,Deccan Chargers,Deccan Chargers,A Mishra,2011-05-16,1
501260,1,0.1,0,1,Kings XI Punjab,Royal Challengers Bangalore,PC Valthaty,AC Gilchrist,JJ van der Wath,0,0,,,,,,,,2011-05-17,2011,Dharamsala,Himachal Pradesh Cricket Association Stadium,Kings XI Punjab,Kings XI Punjab,Royal Challengers Bangalore,Kings XI Punjab,AC Gilchrist,2011-05-17,1
501261,1,0.1,0,1,Chennai Super Kings,Kochi Tuskers Kerala,MEK Hussey,M Vijay,RP Singh,1,0,,,,,,,,2011-05-18,2011,Chennai,"MA Chidambaram Stadium, Chepauk",Chennai Super Kings,Chennai Super Kings,Kochi Tuskers Kerala,Chennai Super Kings,WP Saha,2011-05-18,1
501262,1,0.1,0,1,Pune Warriors,Kolkata Knight Riders,JD Ryder,MK Pandey,B Lee,0,0,,,,,,,,2011-05-19,2011,Mumbai,Dr DY Patil Sports Academy,Kolkata Knight Riders,Pune Warriors,Kolkata Knight Riders,Kolkata Knight Riders,YK Pathan,2011-05-19,1
501263,1,0.1,0,1,Mumbai Indians,Rajasthan Royals,TL Suman,SR Tendulkar,AA Chavan,1,0,,,,,,,,2011-05-20,2011,Mumbai,Wankhede Stadium,Rajasthan Royals,Mumbai Indians,Rajasthan Royals,Mumbai Indians,SR Watson,2011-05-20,1
501264,1,0.1,0,1,Deccan Chargers,Kings XI Punjab,S Dhawan,DB Ravi Teja,P Kumar,1,0,,,,,,,,2011-05-21,2011,Dharamsala,Himachal Pradesh Cricket Association Stadium,Deccan Chargers,Kings XI Punjab,Deccan Chargers,Kings XI Punjab,S Dhawan,2011-05-21,1
501266,1,0.1,0,1,Chennai Super Kings,Royal Challengers Bangalore,MEK Hussey,M Vijay,Z Khan,1,0,,,,,,,,2011-05-22,2011,Bangalore,M Chinnaswamy Stadium,Royal Challengers Bangalore,Royal Challengers Bangalore,Chennai Super Kings,Royal Challengers Bangalore,CH Gayle,2011-05-22,1
501267,1,0.1,0,1,Kolkata Knight Riders,Mumbai Indians,JH Kallis,SP Goswami,AN Ahmed,0,0,,,,,,,,2011-05-22,2011,Kolkata,Eden Gardens,Mumbai Indians,Kolkata Knight Riders,Mumbai Indians,Mumbai Indians,JEC Franklin,2011-05-22,1
501268,1,0.1,0,1,Royal Challengers Bangalore,Chennai Super Kings,MA Agarwal,CH Gayle,JA Morkel,4,0,,,,,,,,2011-05-24,2011,Mumbai,Wankhede Stadium,Chennai Super Kings,Royal Challengers Bangalore,Chennai Super Kings,Chennai Super Kings,SK Raina,2011-05-24,1
501269,1,0.1,0,1,Kolkata Knight Riders,Mumbai Indians,G Gambhir,JH Kallis,DS Kulkarni,0,0,,,,,,,,2011-05-25,2011,Mumbai,Wankhede Stadium,Mumbai Indians,Mumbai Indians,Kolkata Knight Riders,Mumbai Indians,MM Patel,2011-05-25,1
501270,1,0.1,0,1,Royal Challengers Bangalore,Mumbai Indians,MA Agarwal,CH Gayle,AN Ahmed,0,2,2.0,,,,,,,2011-05-27,2011,Chennai,"MA Chidambaram Stadium, Chepauk",Royal Challengers Bangalore,Royal Challengers Bangalore,Mumbai Indians,Mumbai Indians,CH Gayle,2011-05-27,1
501271,1,0.1,0,1,Chennai Super Kings,Royal Challengers Bangalore,MEK Hussey,M Vijay,Z Khan,1,0,,,,,,,,2011-05-28,2011,Chennai,"MA Chidambaram Stadium, Chepauk",Chennai Super Kings,Chennai Super Kings,Royal Challengers Bangalore,Chennai Super Kings,M Vijay,2011-05-28,1
548306,1,0.1,0,1,Chennai Super Kings,Mumbai Indians,F du Plessis,M Vijay,SL Malinga,0,1,1.0,,,,,,,2012-04-04,2012,Chennai,"MA Chidambaram Stadium, Chepauk",Mumbai Indians,Chennai Super Kings,Mumbai Indians,Mumbai Indians,RE Levi,2012-04-04,1
548307,1,0.1,0,1,Kolkata Knight Riders,Delhi Daredevils,BB McCullum,JH Kallis,IK Pathan,0,0,,,,,,,,2012-04-05,2012,Kolkata,Eden Gardens,Delhi Daredevils,Kolkata Knight Riders,Delhi Daredevils,Delhi Daredevils,IK Pathan,2012-04-05,1
548308,1,0.1,0,1,Pune Warriors,Mumbai Indians,MK Pandey,SC Ganguly,SL Malinga,0,0,,,,,,,,2012-04-06,2012,Mumbai,Wankhede Stadium,Pune Warriors,Mumbai Indians,Pune Warriors,Mumbai Indians,SPD Smith,2012-04-06,1
548309,1,0.1,0,1,Rajasthan Royals,Kings XI Punjab,R Dravid,AM Rahane,P Kumar,2,0,,,,,,,,2012-04-06,2012,Jaipur,Sawai Mansingh Stadium,Rajasthan Royals,Rajasthan Royals,Kings XI Punjab,Kings XI Punjab,AM Rahane,2012-04-06,1
548310,1,0.1,0,1,Royal Challengers Bangalore,Delhi Daredevils,AB McDonald,CA Pujara,IK Pathan,0,0,,,,,,,,2012-04-07,2012,Bangalore,M Chinnaswamy Stadium,Royal Challengers Bangalore,Royal Challengers Bangalore,Delhi Daredevils,Delhi Daredevils,AB de Villiers,2012-04-07,1
548311,1,0.1,0,1,Chennai Super Kings,Deccan Chargers,M Vijay,F du Plessis,Ankit Sharma,2,0,,,,,,,,2012-04-07,2012,Visakhapatnam,Dr. Y.S. Rajasekhara Reddy ACA-VDCA Cricket Stadium,Chennai Super Kings,Deccan Chargers,Chennai Super Kings,Deccan Chargers,RA Jadeja,2012-04-07,1
548312,1,0.1,0,1,Rajasthan Royals,Kolkata Knight Riders,R Dravid,AM Rahane,B Lee,0,0,,,,,,,,2012-04-08,2012,Jaipur,Sawai Mansingh Stadium,Rajasthan Royals,Rajasthan Royals,Kolkata Knight Riders,Kolkata Knight Riders,BJ Hodge,2012-04-08,1
548313,1,0.1,0,1,Pune Warriors,Kings XI Punjab,JD Ryder,SC Ganguly,P Kumar,1,0,,,,,,,,2012-04-08,2012,Pune,Subrata Roy Sahara Stadium,Pune Warriors,Pune Warriors,Kings XI Punjab,Pune Warriors,MN Samuels,2012-04-08,1
548314,1,0.1,0,1,Deccan Chargers,Mumbai Indians,PA Patel,S Dhawan,Harbhajan Singh,0,0,,,,,,,,2012-04-09,2012,Visakhapatnam,Dr. Y.S. Rajasekhara Reddy ACA-VDCA Cricket Stadium,Mumbai Indians,Deccan Chargers,Mumbai Indians,Deccan Chargers,RG Sharma,2012-04-09,1
548315,1,0.1,0,1,Kolkata Knight Riders,Royal Challengers Bangalore,JH Kallis,G Gambhir,Z Khan,0,0,,,,,,,,2012-04-10,2012,Bangalore,M Chinnaswamy Stadium,Kolkata Knight Riders,Royal Challengers Bangalore,Kolkata Knight Riders,Royal Challengers Bangalore,L Balaji,2012-04-10,1
548316,1,0.1,0,1,Chennai Super Kings,Delhi Daredevils,F du Plessis,M Vijay,IK Pathan,0,0,,,,,,run out,M Vijay,2012-04-10,2012,Delhi,Feroz Shah Kotla,Delhi Daredevils,Delhi Daredevils,Chennai Super Kings,Delhi Daredevils,M Morkel,2012-04-10,1
548317,1,0.1,0,1,Mumbai Indians,Rajasthan Royals,RE Levi,TL Suman,AA Chavan,0,0,,,,,,,,2012-04-11,2012,Mumbai,Wankhede Stadium,Mumbai Indians,Mumbai Indians,Rajasthan Royals,Rajasthan Royals,KA Pollard,2012-04-11,1
548318,1,0.1,0,1,Royal Challengers Bangalore,Chennai Super Kings,MA Agarwal,CH Gayle,R Ashwin,0,0,,,,,,,,2012-04-12,2012,Chennai,"MA Chidambaram Stadium, Chepauk",Chennai Super Kings,Chennai Super Kings,Royal Challengers Bangalore,Royal Challengers Bangalore,F du Plessis,2012-04-12,1
548319,1,0.1,0,1,Pune Warriors,Kings XI Punjab,JD Ryder,SC Ganguly,P Kumar,0,0,,,,,,,,2012-04-12,2012,Chandigarh,"Punjab Cricket Association Stadium, Mohali",Kings XI Punjab,Kings XI Punjab,Pune Warriors,Kings XI Punjab,AD Mascarenhas,2012-04-12,1
548320,1,0.1,0,1,Rajasthan Royals,Kolkata Knight Riders,R Dravid,AM Rahane,L Balaji,0,0,,,,,,,,2012-04-13,2012,Kolkata,Eden Gardens,Kolkata Knight Riders,Kolkata Knight Riders,Rajasthan Royals,Rajasthan Royals,Shakib Al Hasan,2012-04-13,1
548322,1,0.1,0,1,Chennai Super Kings,Pune Warriors,F du Plessis,M Vijay,M Kartik,0,0,,,,,,,,2012-04-14,2012,Pune,Subrata Roy Sahara Stadium,Pune Warriors,Pune Warriors,Chennai Super Kings,Chennai Super Kings,JD Ryder,2012-04-14,1
548323,1,0.1,0,1,Kings XI Punjab,Kolkata Knight Riders,AC Gilchrist,Mandeep Singh,YK Pathan,0,0,,,,,,,,2012-04-15,2012,Kolkata,Eden Gardens,Kings XI Punjab,Kolkata Knight Riders,Kings XI Punjab,Kolkata Knight Riders,SP Narine,2012-04-15,1
548324,1,0.1,0,1,Rajasthan Royals,Royal Challengers Bangalore,R Dravid,AM Rahane,Z Khan,0,0,,,,,,,,2012-04-15,2012,Bangalore,M Chinnaswamy Stadium,Rajasthan Royals,Royal Challengers Bangalore,Rajasthan Royals,Rajasthan Royals,AM Rahane,2012-04-15,1
548325,1,0.1,0,1,Mumbai Indians,Delhi Daredevils,RE Levi,DJ Jacobs,IK Pathan,0,1,,,,1.0,,,,2012-04-16,2012,Mumbai,Wankhede Stadium,Delhi Daredevils,Mumbai Indians,Delhi Daredevils,Delhi Daredevils,S Nadeem,2012-04-16,1
548326,1,0.1,0,1,Deccan Chargers,Rajasthan Royals,KC Sangakkara,S Dhawan,Pankaj Singh,4,0,,,,,,,,2012-04-17,2012,Jaipur,Sawai Mansingh Stadium,Rajasthan Royals,Rajasthan Royals,Deccan Chargers,Deccan Chargers,BJ Hodge,2012-04-17,1
548327,1,0.1,0,1,Pune Warriors,Royal Challengers Bangalore,RV Uthappa,JD Ryder,Z Khan,0,1,1.0,,,,,,,2012-04-17,2012,Bangalore,M Chinnaswamy Stadium,Royal Challengers Bangalore,Royal Challengers Bangalore,Pune Warriors,Pune Warriors,CH Gayle,2012-04-17,1
548328,1,0.1,0,1,Kings XI Punjab,Kolkata Knight Riders,AC Gilchrist,PC Valthaty,B Lee,1,0,,,,,,,,2012-04-18,2012,Chandigarh,"Punjab Cricket Association Stadium, Mohali",Kolkata Knight Riders,Kings XI Punjab,Kolkata Knight Riders,Kings XI Punjab,G Gambhir,2012-04-18,1
548321,1,0.1,0,1,Deccan Chargers,Delhi Daredevils,KC Sangakkara,S Dhawan,IK Pathan,0,0,,,,,,,,2012-04-19,2012,Delhi,Feroz Shah Kotla,Delhi Daredevils,Delhi Daredevils,Deccan Chargers,Deccan Chargers,KP Pietersen,2012-04-19,1
548330,1,0.1,0,1,Chennai Super Kings,Pune Warriors,F du Plessis,S Badrinath,M Kartik,0,0,,,,,,,,2012-04-19,2012,Chennai,"MA Chidambaram Stadium, Chepauk",Chennai Super Kings,Chennai Super Kings,Pune Warriors,Pune Warriors,KMDN Kulasekara,2012-04-19,1
548331,1,0.1,0,1,Kings XI Punjab,Royal Challengers Bangalore,N Saini,PC Valthaty,Z Khan,2,0,,,,,,,,2012-04-20,2012,Chandigarh,"Punjab Cricket Association Stadium, Mohali",Royal Challengers Bangalore,Kings XI Punjab,Royal Challengers Bangalore,Royal Challengers Bangalore,CH Gayle,2012-04-20,1
548332,1,0.1,0,1,Rajasthan Royals,Chennai Super Kings,R Dravid,AM Rahane,KMDN Kulasekara,0,0,,,,,,,,2012-04-21,2012,Chennai,"MA Chidambaram Stadium, Chepauk",Chennai Super Kings,Chennai Super Kings,Rajasthan Royals,Rajasthan Royals,F du Plessis,2012-04-21,1
548333,1,0.1,0,1,Pune Warriors,Delhi Daredevils,RV Uthappa,JD Ryder,IK Pathan,0,0,,,,,,,,2012-04-21,2012,Delhi,Feroz Shah Kotla,Pune Warriors,Delhi Daredevils,Pune Warriors,Delhi Daredevils,SC Ganguly,2012-04-21,1
548334,1,0.1,0,1,Mumbai Indians,Kings XI Punjab,JEC Franklin,SR Tendulkar,P Kumar,0,0,,,,,,,,2012-04-22,2012,Mumbai,Wankhede Stadium,Kings XI Punjab,Mumbai Indians,Kings XI Punjab,Mumbai Indians,SE Marsh,2012-04-22,1
548335,1,0.1,0,1,Deccan Chargers,Kolkata Knight Riders,KC Sangakkara,S Dhawan,YK Pathan,1,0,,,,,,,,2012-04-22,2012,Cuttack,Barabati Stadium,Kolkata Knight Riders,Deccan Chargers,Kolkata Knight Riders,Kolkata Knight Riders,B Lee,2012-04-22,1
548336,1,0.1,0,1,Royal Challengers Bangalore,Rajasthan Royals,V Kohli,TM Dilshan,A Chandila,0,0,,,,,,,,2012-04-23,2012,Jaipur,Sawai Mansingh Stadium,Royal Challengers Bangalore,Rajasthan Royals,Royal Challengers Bangalore,Rajasthan Royals,AB de Villiers,2012-04-23,1
548337,1,0.1,0,1,Pune Warriors,Delhi Daredevils,JD Ryder,MK Pandey,IK Pathan,0,0,,,,,,,,2012-04-24,2012,Pune,Subrata Roy Sahara Stadium,Delhi Daredevils,Pune Warriors,Delhi Daredevils,Pune Warriors,V Sehwag,2012-04-24,1
548339,1,0.1,0,1,Kings XI Punjab,Mumbai Indians,N Saini,Mandeep Singh,RJ Peterson,0,0,,,,,,,,2012-04-25,2012,Chandigarh,"Punjab Cricket Association Stadium, Mohali",Mumbai Indians,Kings XI Punjab,Mumbai Indians,Kings XI Punjab,AT Rayudu,2012-04-25,1
548341,1,0.1,0,1,Deccan Chargers,Pune Warriors,PA Patel,S Dhawan,A Nehra,0,0,,,,,,,,2012-04-26,2012,Pune,Subrata Roy Sahara Stadium,Deccan Chargers,Pune Warriors,Deccan Chargers,Deccan Chargers,CL White,2012-04-26,1
548342,1,0.1,0,1,Delhi Daredevils,Mumbai Indians,DPMD Jayawardene,V Sehwag,SL Malinga,1,0,,,,,,,,2012-04-27,2012,Delhi,Feroz Shah Kotla,Delhi Daredevils,Delhi Daredevils,Mumbai Indians,Mumbai Indians,V Sehwag,2012-04-27,1
548343,1,0.1,0,1,Kings XI Punjab,Chennai Super Kings,Mandeep Singh,SE Marsh,KMDN Kulasekara,0,1,1.0,,,,,,,2012-04-28,2012,Chennai,"MA Chidambaram Stadium, Chepauk",Kings XI Punjab,Chennai Super Kings,Kings XI Punjab,Kings XI Punjab,Mandeep Singh,2012-04-28,1
548344,1,0.1,0,1,Kolkata Knight Riders,Royal Challengers Bangalore,BB McCullum,G Gambhir,Z Khan,4,0,,,,,,,,2012-04-28,2012,Kolkata,Eden Gardens,Kolkata Knight Riders,Kolkata Knight Riders,Royal Challengers Bangalore,Kolkata Knight Riders,G Gambhir,2012-04-28,1
548345,1,0.1,0,1,Delhi Daredevils,Rajasthan Royals,DPMD Jayawardene,V Sehwag,AA Chavan,4,0,,,,,,,,2012-04-29,2012,Delhi,Feroz Shah Kotla,Delhi Daredevils,Delhi Daredevils,Rajasthan Royals,Delhi Daredevils,V Sehwag,2012-04-29,1
548346,1,0.1,0,1,Deccan Chargers,Mumbai Indians,PA Patel,S Dhawan,Harbhajan Singh,2,0,,,,,,,,2012-04-29,2012,Mumbai,Wankhede Stadium,Mumbai Indians,Mumbai Indians,Deccan Chargers,Mumbai Indians,DW Steyn,2012-04-29,1
548347,1,0.1,0,1,Chennai Super Kings,Kolkata Knight Riders,F du Plessis,MEK Hussey,Iqbal Abdulla,2,0,,,,,,,,2012-04-30,2012,Chennai,"MA Chidambaram Stadium, Chepauk",Kolkata Knight Riders,Chennai Super Kings,Kolkata Knight Riders,Chennai Super Kings,G Gambhir,2012-04-30,1
548348,1,0.1,0,1,Deccan Chargers,Pune Warriors,PA Patel,S Dhawan,MN Samuels,0,0,,,,,,bowled,PA Patel,2012-05-01,2012,Cuttack,Barabati Stadium,Deccan Chargers,Deccan Chargers,Pune Warriors,Deccan Chargers,KC Sangakkara,2012-05-01,1
548349,1,0.1,0,1,Rajasthan Royals,Delhi Daredevils,R Dravid,AM Rahane,IK Pathan,0,0,,,,,,,,2012-05-01,2012,Jaipur,Sawai Mansingh Stadium,Delhi Daredevils,Rajasthan Royals,Delhi Daredevils,Rajasthan Royals,P Negi,2012-05-01,1
548350,1,0.1,0,1,Royal Challengers Bangalore,Kings XI Punjab,MA Agarwal,CH Gayle,P Kumar,0,0,,,,,,,,2012-05-02,2012,Bangalore,M Chinnaswamy Stadium,Kings XI Punjab,Royal Challengers Bangalore,Kings XI Punjab,Kings XI Punjab,Azhar Mahmood,2012-05-02,1
548351,1,0.1,0,1,Mumbai Indians,Pune Warriors,JEC Franklin,SR Tendulkar,M Kartik,0,0,,,,,,,,2012-05-03,2012,Pune,Subrata Roy Sahara Stadium,Mumbai Indians,Pune Warriors,Mumbai Indians,Mumbai Indians,SL Malinga,2012-05-03,1
548352,1,0.1,0,1,Chennai Super Kings,Deccan Chargers,F du Plessis,M Vijay,Ankit Sharma,0,0,,,,,,,,2012-05-04,2012,Chennai,"MA Chidambaram Stadium, Chepauk",Chennai Super Kings,Chennai Super Kings,Deccan Chargers,Chennai Super Kings,SK Raina,2012-05-04,1
548353,1,0.1,0,1,Kolkata Knight Riders,Pune Warriors,G Gambhir,BB McCullum,M Kartik,0,0,,,,,,,,2012-05-05,2012,Kolkata,Eden Gardens,Kolkata Knight Riders,Kolkata Knight Riders,Pune Warriors,Kolkata Knight Riders,SP Narine,2012-05-05,1
548354,1,0.1,0,1,Rajasthan Royals,Kings XI Punjab,R Dravid,AM Rahane,P Kumar,0,0,,,,,,,,2012-05-05,2012,Chandigarh,"Punjab Cricket Association Stadium, Mohali",Rajasthan Royals,Kings XI Punjab,Rajasthan Royals,Rajasthan Royals,SR Watson,2012-05-05,1
548355,1,0.1,0,1,Chennai Super Kings,Mumbai Indians,M Vijay,F du Plessis,RJ Peterson,4,0,,,,,,,,2012-05-06,2012,Mumbai,Wankhede Stadium,Mumbai Indians,Mumbai Indians,Chennai Super Kings,Mumbai Indians,DR Smith,2012-05-06,1
548356,1,0.1,0,1,Deccan Chargers,Royal Challengers Bangalore,DJ Harris,S Dhawan,Z Khan,1,0,,,,,,,,2012-05-06,2012,Bangalore,M Chinnaswamy Stadium,Royal Challengers Bangalore,Royal Challengers Bangalore,Deccan Chargers,Royal Challengers Bangalore,AB de Villiers,2012-05-06,1
548357,1,0.1,0,1,Delhi Daredevils,Kolkata Knight Riders,DA Warner,V Sehwag,B Lee,0,0,,,,,,,,2012-05-07,2012,Delhi,Feroz Shah Kotla,Kolkata Knight Riders,Delhi Daredevils,Kolkata Knight Riders,Delhi Daredevils,JH Kallis,2012-05-07,1
548358,1,0.1,0,1,Pune Warriors,Rajasthan Royals,SC Ganguly,MJ Clarke,AA Chavan,0,1,,,,1.0,,,,2012-05-08,2012,Pune,Subrata Roy Sahara Stadium,Rajasthan Royals,Pune Warriors,Rajasthan Royals,Pune Warriors,SR Watson,2012-05-08,1
548359,1,0.1,0,1,Kings XI Punjab,Deccan Chargers,Mandeep Singh,SE Marsh,AA Jhunjhunwala,1,0,,,,,,,,2012-05-08,2012,Hyderabad,"Rajiv Gandhi International Stadium, Uppal",Kings XI Punjab,Deccan Chargers,Kings XI Punjab,Deccan Chargers,Mandeep Singh,2012-05-08,1
548360,1,0.1,0,1,Mumbai Indians,Royal Challengers Bangalore,JEC Franklin,SR Tendulkar,Z Khan,0,0,,,,,,,,2012-05-09,2012,Mumbai,Wankhede Stadium,Royal Challengers Bangalore,Mumbai Indians,Royal Challengers Bangalore,Royal Challengers Bangalore,CH Gayle,2012-05-09,1
548329,1,0.1,0,1,Deccan Chargers,Delhi Daredevils,DJ Harris,S Dhawan,AD Russell,0,0,,,,,,,,2012-05-10,2012,Hyderabad,"Rajiv Gandhi International Stadium, Uppal",Delhi Daredevils,Deccan Chargers,Delhi Daredevils,Deccan Chargers,DA Warner,2012-05-10,1
548361,1,0.1,0,1,Rajasthan Royals,Chennai Super Kings,R Dravid,AM Rahane,JA Morkel,0,0,,,,,,,,2012-05-10,2012,Jaipur,Sawai Mansingh Stadium,Chennai Super Kings,Rajasthan Royals,Chennai Super Kings,Chennai Super Kings,BW Hilfenhaus,2012-05-10,1
548362,1,0.1,0,1,Royal Challengers Bangalore,Pune Warriors,CH Gayle,TM Dilshan,K Upadhyay,0,0,,,,,,,,2012-05-11,2012,Pune,Subrata Roy Sahara Stadium,Royal Challengers Bangalore,Pune Warriors,Royal Challengers Bangalore,Pune Warriors,CH Gayle,2012-05-11,1
548363,1,0.1,0,1,Mumbai Indians,Kolkata Knight Riders,HH Gibbs,SR Tendulkar,Shakib Al Hasan,0,0,,,,,,,,2012-05-12,2012,Kolkata,Eden Gardens,Mumbai Indians,Kolkata Knight Riders,Mumbai Indians,Mumbai Indians,RG Sharma,2012-05-12,1
548364,1,0.1,0,1,Delhi Daredevils,Chennai Super Kings,DA Warner,V Sehwag,BW Hilfenhaus,0,0,,,,,,,,2012-05-12,2012,Chennai,"MA Chidambaram Stadium, Chepauk",Chennai Super Kings,Chennai Super Kings,Delhi Daredevils,Chennai Super Kings,BW Hilfenhaus,2012-05-12,1
548365,1,0.1,0,1,Rajasthan Royals,Pune Warriors,R Dravid,AM Rahane,M Kartik,0,0,,,,,,,,2012-05-13,2012,Jaipur,Sawai Mansingh Stadium,Rajasthan Royals,Rajasthan Royals,Pune Warriors,Rajasthan Royals,A Chandila,2012-05-13,1
548366,1,0.1,0,1,Deccan Chargers,Kings XI Punjab,S Dhawan,PA Patel,P Kumar,0,0,,,,,,,,2012-05-13,2012,Chandigarh,"Punjab Cricket Association Stadium, Mohali",Kings XI Punjab,Kings XI Punjab,Deccan Chargers,Deccan Chargers,DJ Hussey,2012-05-13,1
548367,1,0.1,0,1,Royal Challengers Bangalore,Mumbai Indians,CH Gayle,TM Dilshan,MM Patel,0,0,,,,,,,,2012-05-14,2012,Bangalore,M Chinnaswamy Stadium,Mumbai Indians,Royal Challengers Bangalore,Mumbai Indians,Mumbai Indians,AT Rayudu,2012-05-14,1
548368,1,0.1,0,1,Kolkata Knight Riders,Chennai Super Kings,G Gambhir,BB McCullum,SB Jakati,0,0,,,,,,,,2012-05-14,2012,Kolkata,Eden Gardens,Chennai Super Kings,Kolkata Knight Riders,Chennai Super Kings,Chennai Super Kings,MEK Hussey,2012-05-14,1
548369,1,0.1,0,1,Kings XI Punjab,Delhi Daredevils,Mandeep Singh,SE Marsh,IK Pathan,0,1,,,,1.0,,,,2012-05-15,2012,Delhi,Feroz Shah Kotla,Delhi Daredevils,Delhi Daredevils,Kings XI Punjab,Kings XI Punjab,UT Yadav,2012-05-15,1
548370,1,0.1,0,1,Kolkata Knight Riders,Mumbai Indians,G Gambhir,BB McCullum,MM Patel,4,0,,,,,,,,2012-05-16,2012,Mumbai,Wankhede Stadium,Kolkata Knight Riders,Mumbai Indians,Kolkata Knight Riders,Mumbai Indians,SP Narine,2012-05-16,1
548371,1,0.1,0,1,Chennai Super Kings,Kings XI Punjab,M Vijay,MEK Hussey,P Kumar,0,0,,,,,,,,2012-05-17,2012,Dharamsala,Himachal Pradesh Cricket Association Stadium,Kings XI Punjab,Kings XI Punjab,Chennai Super Kings,Kings XI Punjab,AC Gilchrist,2012-05-17,1
548372,1,0.1,0,1,Royal Challengers Bangalore,Delhi Daredevils,CH Gayle,TM Dilshan,IK Pathan,1,0,,,,,,,,2012-05-17,2012,Delhi,Feroz Shah Kotla,Royal Challengers Bangalore,Delhi Daredevils,Royal Challengers Bangalore,Delhi Daredevils,CH Gayle,2012-05-17,1
548373,1,0.1,0,1,Rajasthan Royals,Deccan Chargers,R Dravid,AM Rahane,JP Duminy,1,0,,,,,,,,2012-05-18,2012,Hyderabad,"Rajiv Gandhi International Stadium, Uppal",Deccan Chargers,Deccan Chargers,Rajasthan Royals,Rajasthan Royals,DW Steyn,2012-05-18,1
548374,1,0.1,0,1,Kings XI Punjab,Delhi Daredevils,AC Gilchrist,Mandeep Singh,M Morkel,0,5,5.0,,,,,,,2012-05-19,2012,Dharamsala,Himachal Pradesh Cricket Association Stadium,Delhi Daredevils,Kings XI Punjab,Delhi Daredevils,Delhi Daredevils,UT Yadav,2012-05-19,1
548375,1,0.1,0,1,Kolkata Knight Riders,Pune Warriors,BB McCullum,G Gambhir,A Nehra,0,0,,,,,,,,2012-05-19,2012,Pune,Subrata Roy Sahara Stadium,Kolkata Knight Riders,Pune Warriors,Kolkata Knight Riders,Kolkata Knight Riders,Shakib Al Hasan,2012-05-19,1
548376,1,0.1,0,1,Deccan Chargers,Royal Challengers Bangalore,S Dhawan,PA Reddy,Z Khan,0,0,,,,,,,,2012-05-20,2012,Hyderabad,"Rajiv Gandhi International Stadium, Uppal",Deccan Chargers,Deccan Chargers,Royal Challengers Bangalore,Royal Challengers Bangalore,DW Steyn,2012-05-20,1
548377,1,0.1,0,1,Rajasthan Royals,Mumbai Indians,R Dravid,AM Rahane,RP Singh,1,0,,,,,,,,2012-05-20,2012,Jaipur,Sawai Mansingh Stadium,Mumbai Indians,Rajasthan Royals,Mumbai Indians,Rajasthan Royals,DR Smith,2012-05-20,1
548378,1,0.1,0,1,Kolkata Knight Riders,Delhi Daredevils,BB McCullum,G Gambhir,IK Pathan,0,0,,,,,,,,2012-05-22,2012,Pune,Subrata Roy Sahara Stadium,Kolkata Knight Riders,Delhi Daredevils,Kolkata Knight Riders,Kolkata Knight Riders,YK Pathan,2012-05-22,1
548379,1,0.1,0,1,Chennai Super Kings,Mumbai Indians,M Vijay,MEK Hussey,Harbhajan Singh,0,0,,,,,,,,2012-05-23,2012,Bangalore,M Chinnaswamy Stadium,Chennai Super Kings,Chennai Super Kings,Mumbai Indians,Mumbai Indians,MS Dhoni,2012-05-23,1
548380,1,0.1,0,1,Chennai Super Kings,Delhi Daredevils,M Vijay,MEK Hussey,Sunny Gupta,4,0,,,,,,,,2012-05-25,2012,Chennai,"MA Chidambaram Stadium, Chepauk",Chennai Super Kings,Delhi Daredevils,Chennai Super Kings,Delhi Daredevils,M Vijay,2012-05-25,1
548381,1,0.1,0,1,Chennai Super Kings,Kolkata Knight Riders,MEK Hussey,M Vijay,B Lee,0,0,,,,,,,,2012-05-27,2012,Chennai,"MA Chidambaram Stadium, Chepauk",Kolkata Knight Riders,Kolkata Knight Riders,Chennai Super Kings,Chennai Super Kings,MS Bisla,2012-05-27,1
597998,1,0.1,0,1,Delhi Daredevils,Kolkata Knight Riders,UBT Chand,DA Warner,B Lee,0,0,,,,,,bowled,UBT Chand,2013-04-03,2013,Kolkata,Eden Gardens,Kolkata Knight Riders,Kolkata Knight Riders,Delhi Daredevils,Kolkata Knight Riders,SP Narine,2013-04-03,1
597999,1,0.1,0,1,Royal Challengers Bangalore,Mumbai Indians,CH Gayle,TM Dilshan,MG Johnson,0,0,,,,,,,,2013-04-04,2013,Bangalore,M Chinnaswamy Stadium,Royal Challengers Bangalore,Royal Challengers Bangalore,Mumbai Indians,Mumbai Indians,CH Gayle,2013-04-04,1
598000,1,0.1,0,1,Sunrisers Hyderabad,Pune Warriors,PA Reddy,PA Patel,MN Samuels,1,0,,,,,,,,2013-04-05,2013,Hyderabad,"Rajiv Gandhi International Stadium, Uppal",Sunrisers Hyderabad,Sunrisers Hyderabad,Pune Warriors,Pune Warriors,A Mishra,2013-04-05,1
598001,1,0.1,0,1,Rajasthan Royals,Delhi Daredevils,MDKJ Perera,AM Rahane,IK Pathan,0,0,,,,,,,,2013-04-06,2013,Delhi,Feroz Shah Kotla,Rajasthan Royals,Delhi Daredevils,Rajasthan Royals,Rajasthan Royals,R Dravid,2013-04-06,1
598002,1,0.1,0,1,Mumbai Indians,Chennai Super Kings,RT Ponting,SR Tendulkar,DP Nannes,0,0,,,,,,,,2013-04-06,2013,Chennai,"MA Chidambaram Stadium, Chepauk",Mumbai Indians,Chennai Super Kings,Mumbai Indians,Mumbai Indians,KA Pollard,2013-04-06,1
598003,1,0.1,0,1,Pune Warriors,Kings XI Punjab,RV Uthappa,MK Pandey,P Kumar,0,0,,,,,,,,2013-04-07,2013,Pune,Subrata Roy Sahara Stadium,Kings XI Punjab,Pune Warriors,Kings XI Punjab,Pune Warriors,M Vohra,2013-04-07,1
598005,1,0.1,0,1,Rajasthan Royals,Kolkata Knight Riders,SR Watson,AM Rahane,B Lee,0,0,,,,,,,,2013-04-08,2013,Jaipur,Sawai Mansingh Stadium,Rajasthan Royals,Rajasthan Royals,Kolkata Knight Riders,Kolkata Knight Riders,SK Trivedi,2013-04-08,1
598006,1,0.1,0,1,Mumbai Indians,Delhi Daredevils,RT Ponting,SR Tendulkar,IK Pathan,0,0,,,,,,,,2013-04-09,2013,Mumbai,Wankhede Stadium,Mumbai Indians,Mumbai Indians,Delhi Daredevils,Mumbai Indians,KD Karthik,2013-04-09,1
598048,1,0.1,0,1,Sunrisers Hyderabad,Royal Challengers Bangalore,PA Reddy,PA Patel,RP Singh,0,0,,,,,,,,2013-04-09,2013,Bangalore,M Chinnaswamy Stadium,Royal Challengers Bangalore,Royal Challengers Bangalore,Sunrisers Hyderabad,Sunrisers Hyderabad,V Kohli,2013-04-09,1
598007,1,0.1,0,1,Kings XI Punjab,Chennai Super Kings,Mandeep Singh,AC Gilchrist,DP Nannes,4,0,,,,,,,,2013-04-10,2013,Chandigarh,"Punjab Cricket Association Stadium, Mohali",Chennai Super Kings,Kings XI Punjab,Chennai Super Kings,Chennai Super Kings,MEK Hussey,2013-04-10,1
598008,1,0.1,0,1,Kolkata Knight Riders,Royal Challengers Bangalore,MS Bisla,G Gambhir,MC Henriques,0,0,,,,,,,,2013-04-11,2013,Bangalore,M Chinnaswamy Stadium,Royal Challengers Bangalore,Royal Challengers Bangalore,Kolkata Knight Riders,Royal Challengers Bangalore,CH Gayle,2013-04-11,1
598009,1,0.1,0,1,Rajasthan Royals,Pune Warriors,MDKJ Perera,AM Rahane,B Kumar,0,0,,,,,,lbw,MDKJ Perera,2013-04-11,2013,Pune,Subrata Roy Sahara Stadium,Pune Warriors,Pune Warriors,Rajasthan Royals,Rajasthan Royals,AJ Finch,2013-04-11,1
598010,1,0.1,0,1,Delhi Daredevils,Sunrisers Hyderabad,DA Warner,V Sehwag,DW Steyn,0,0,,,,,,,,2013-04-12,2013,Delhi,Feroz Shah Kotla,Sunrisers Hyderabad,Delhi Daredevils,Sunrisers Hyderabad,Delhi Daredevils,A Mishra,2013-04-12,1
598011,1,0.1,0,1,Mumbai Indians,Pune Warriors,RT Ponting,SR Tendulkar,AJ Finch,1,0,,,,,,,,2013-04-13,2013,Mumbai,Wankhede Stadium,Mumbai Indians,Mumbai Indians,Pune Warriors,Mumbai Indians,RG Sharma,2013-04-13,1
598012,1,0.1,0,1,Royal Challengers Bangalore,Chennai Super Kings,CH Gayle,MA Agarwal,DP Nannes,0,0,,,,,,,,2013-04-13,2013,Chennai,"MA Chidambaram Stadium, Chepauk",Chennai Super Kings,Chennai Super Kings,Royal Challengers Bangalore,Chennai Super Kings,RA Jadeja,2013-04-13,1
598013,1,0.1,0,1,Kolkata Knight Riders,Sunrisers Hyderabad,MS Bisla,G Gambhir,DW Steyn,0,0,,,,,,,,2013-04-14,2013,Kolkata,Eden Gardens,Kolkata Knight Riders,Kolkata Knight Riders,Sunrisers Hyderabad,Kolkata Knight Riders,G Gambhir,2013-04-14,1
598014,1,0.1,0,1,Kings XI Punjab,Rajasthan Royals,Mandeep Singh,AC Gilchrist,A Chandila,0,0,,,,,,,,2013-04-14,2013,Jaipur,Sawai Mansingh Stadium,Rajasthan Royals,Rajasthan Royals,Kings XI Punjab,Rajasthan Royals,JP Faulkner,2013-04-14,1
598015,1,0.1,0,1,Pune Warriors,Chennai Super Kings,RV Uthappa,AJ Finch,DP Nannes,1,0,,,,,,,,2013-04-15,2013,Chennai,"MA Chidambaram Stadium, Chepauk",Pune Warriors,Chennai Super Kings,Pune Warriors,Pune Warriors,SPD Smith,2013-04-15,1
598016,1,0.1,0,1,Kings XI Punjab,Kolkata Knight Riders,AC Gilchrist,Mandeep Singh,L Balaji,0,1,1.0,,,,,,,2013-04-16,2013,Chandigarh,"Punjab Cricket Association Stadium, Mohali",Kings XI Punjab,Kings XI Punjab,Kolkata Knight Riders,Kolkata Knight Riders,MS Gony,2013-04-16,1
598018,1,0.1,0,1,Sunrisers Hyderabad,Pune Warriors,PA Patel,Q de Kock,B Kumar,0,0,,,,,,,,2013-04-17,2013,Pune,Maharashtra Cricket Association Stadium,Sunrisers Hyderabad,Pune Warriors,Sunrisers Hyderabad,Pune Warriors,A Mishra,2013-04-17,1
598019,1,0.1,0,1,Rajasthan Royals,Mumbai Indians,SR Watson,AM Rahane,MG Johnson,1,0,,,,,,,,2013-04-17,2013,Jaipur,Sawai Mansingh Stadium,Rajasthan Royals,Rajasthan Royals,Mumbai Indians,Rajasthan Royals,AM Rahane,2013-04-17,1
598020,1,0.1,0,1,Chennai Super Kings,Delhi Daredevils,MEK Hussey,M Vijay,S Nadeem,1,0,,,,,,,,2013-04-18,2013,Delhi,Feroz Shah Kotla,Chennai Super Kings,Delhi Daredevils,Chennai Super Kings,Chennai Super Kings,MEK Hussey,2013-04-18,1
598021,1,0.1,0,1,Kings XI Punjab,Sunrisers Hyderabad,Mandeep Singh,AC Gilchrist,GH Vihari,0,0,,,,,,,,2013-04-19,2013,Hyderabad,"Rajiv Gandhi International Stadium, Uppal",Sunrisers Hyderabad,Sunrisers Hyderabad,Kings XI Punjab,Kings XI Punjab,GH Vihari,2013-04-19,1
598022,1,0.1,0,1,Kolkata Knight Riders,Chennai Super Kings,G Gambhir,YK Pathan,JA Morkel,4,0,,,,,,,,2013-04-20,2013,Kolkata,Eden Gardens,Chennai Super Kings,Kolkata Knight Riders,Chennai Super Kings,Kolkata Knight Riders,RA Jadeja,2013-04-20,1
598023,1,0.1,0,1,Rajasthan Royals,Royal Challengers Bangalore,SR Watson,AM Rahane,R Rampaul,4,0,,,,,,,,2013-04-20,2013,Bangalore,M Chinnaswamy Stadium,Royal Challengers Bangalore,Royal Challengers Bangalore,Rajasthan Royals,Royal Challengers Bangalore,R Vinay Kumar,2013-04-20,1
598024,1,0.1,0,1,Mumbai Indians,Delhi Daredevils,DR Smith,SR Tendulkar,IK Pathan,0,0,,,,,,,,2013-04-21,2013,Delhi,Feroz Shah Kotla,Delhi Daredevils,Delhi Daredevils,Mumbai Indians,Mumbai Indians,V Sehwag,2013-04-21,1
598025,1,0.1,0,1,Pune Warriors,Kings XI Punjab,RV Uthappa,AJ Finch,P Kumar,2,0,,,,,,,,2013-04-21,2013,Chandigarh,"Punjab Cricket Association Stadium, Mohali",Kings XI Punjab,Kings XI Punjab,Pune Warriors,Kings XI Punjab,DA Miller,2013-04-21,1
598026,1,0.1,0,1,Rajasthan Royals,Chennai Super Kings,SR Watson,AM Rahane,MM Sharma,4,0,,,,,,,,2013-04-22,2013,Chennai,"MA Chidambaram Stadium, Chepauk",Chennai Super Kings,Chennai Super Kings,Rajasthan Royals,Rajasthan Royals,MEK Hussey,2013-04-22,1
598027,1,0.1,0,1,Royal Challengers Bangalore,Pune Warriors,CH Gayle,TM Dilshan,B Kumar,0,0,,,,,,,,2013-04-23,2013,Bangalore,M Chinnaswamy Stadium,Royal Challengers Bangalore,Royal Challengers Bangalore,Pune Warriors,Pune Warriors,CH Gayle,2013-04-23,1
598059,1,0.1,0,1,Delhi Daredevils,Kings XI Punjab,DPMD Jayawardene,V Sehwag,P Kumar,0,0,,,,,,,,2013-04-23,2013,Delhi,Feroz Shah Kotla,Kings XI Punjab,Delhi Daredevils,Kings XI Punjab,Kings XI Punjab,Harmeet Singh,2013-04-23,1
598029,1,0.1,0,1,Kolkata Knight Riders,Mumbai Indians,YK Pathan,G Gambhir,Harbhajan Singh,4,0,,,,,,,,2013-04-24,2013,Kolkata,Eden Gardens,Mumbai Indians,Kolkata Knight Riders,Mumbai Indians,Kolkata Knight Riders,DR Smith,2013-04-24,1
598030,1,0.1,0,1,Sunrisers Hyderabad,Chennai Super Kings,Q de Kock,S Dhawan,MM Sharma,0,0,,,,,,,,2013-04-25,2013,Chennai,"MA Chidambaram Stadium, Chepauk",Chennai Super Kings,Chennai Super Kings,Sunrisers Hyderabad,Sunrisers Hyderabad,MS Dhoni,2013-04-25,1
598031,1,0.1,0,1,Kings XI Punjab,Kolkata Knight Riders,AC Gilchrist,Mandeep Singh,L Balaji,0,0,,,,,,,,2013-04-26,2013,Kolkata,Eden Gardens,Kolkata Knight Riders,Kolkata Knight Riders,Kings XI Punjab,Kings XI Punjab,JH Kallis,2013-04-26,1
598032,1,0.1,0,1,Sunrisers Hyderabad,Rajasthan Royals,PA Reddy,S Dhawan,A Chandila,0,0,,,,,,,,2013-04-27,2013,Jaipur,Sawai Mansingh Stadium,Rajasthan Royals,Rajasthan Royals,Sunrisers Hyderabad,Sunrisers Hyderabad,JP Faulkner,2013-04-27,1
598033,1,0.1,0,1,Mumbai Indians,Royal Challengers Bangalore,DR Smith,SR Tendulkar,R Rampaul,0,0,,,,,,,,2013-04-27,2013,Mumbai,Wankhede Stadium,Mumbai Indians,Mumbai Indians,Royal Challengers Bangalore,Mumbai Indians,DR Smith,2013-04-27,1
598034,1,0.1,0,1,Chennai Super Kings,Kolkata Knight Riders,WP Saha,MEK Hussey,YK Pathan,0,0,,,,,,,,2013-04-28,2013,Chennai,"MA Chidambaram Stadium, Chepauk",Chennai Super Kings,Chennai Super Kings,Kolkata Knight Riders,Kolkata Knight Riders,MEK Hussey,2013-04-28,1
598035,1,0.1,0,1,Delhi Daredevils,Pune Warriors,DPMD Jayawardene,V Sehwag,B Kumar,1,0,,,,,,,,2013-04-28,2013,Raipur,Shaheed Veer Narayan Singh International Stadium,Delhi Daredevils,Delhi Daredevils,Pune Warriors,Pune Warriors,DA Warner,2013-04-28,1
598036,1,0.1,0,1,Royal Challengers Bangalore,Rajasthan Royals,A Mukund,CH Gayle,A Chandila,1,0,,,,,,,,2013-04-29,2013,Jaipur,Sawai Mansingh Stadium,Rajasthan Royals,Rajasthan Royals,Royal Challengers Bangalore,Rajasthan Royals,SV Samson,2013-04-29,1
598037,1,0.1,0,1,Mumbai Indians,Kings XI Punjab,DR Smith,SR Tendulkar,P Kumar,1,0,,,,,,,,2013-04-29,2013,Mumbai,Wankhede Stadium,Mumbai Indians,Mumbai Indians,Kings XI Punjab,Mumbai Indians,RG Sharma,2013-04-29,1
598038,1,0.1,0,1,Chennai Super Kings,Pune Warriors,MEK Hussey,WP Saha,R Sharma,4,0,,,,,,,,2013-04-30,2013,Pune,Subrata Roy Sahara Stadium,Chennai Super Kings,Pune Warriors,Chennai Super Kings,Chennai Super Kings,MS Dhoni,2013-04-30,1
598039,1,0.1,0,1,Mumbai Indians,Sunrisers Hyderabad,DR Smith,SR Tendulkar,KV Sharma,4,0,,,,,,,,2013-05-01,2013,Hyderabad,"Rajiv Gandhi International Stadium, Uppal",Sunrisers Hyderabad,Sunrisers Hyderabad,Mumbai Indians,Mumbai Indians,I Sharma,2013-05-01,1
598040,1,0.1,0,1,Kolkata Knight Riders,Delhi Daredevils,MS Bisla,G Gambhir,IK Pathan,4,0,,,,,,,,2013-05-01,2013,Raipur,Shaheed Veer Narayan Singh International Stadium,Delhi Daredevils,Delhi Daredevils,Kolkata Knight Riders,Kolkata Knight Riders,DA Warner,2013-05-01,1
598041,1,0.1,0,1,Chennai Super Kings,Kings XI Punjab,WP Saha,MEK Hussey,P Kumar,2,0,,,,,,,,2013-05-02,2013,Chennai,"MA Chidambaram Stadium, Chepauk",Chennai Super Kings,Chennai Super Kings,Kings XI Punjab,Chennai Super Kings,SK Raina,2013-05-02,1
598042,1,0.1,0,1,Royal Challengers Bangalore,Pune Warriors,SS Tiwary,CH Gayle,B Kumar,0,1,1.0,,,,,,,2013-05-02,2013,Pune,Subrata Roy Sahara Stadium,Royal Challengers Bangalore,Pune Warriors,Royal Challengers Bangalore,Royal Challengers Bangalore,AB de Villiers,2013-05-02,1
598043,1,0.1,0,1,Rajasthan Royals,Kolkata Knight Riders,SR Watson,AM Rahane,S Narwal,1,0,,,,,,,,2013-05-03,2013,Kolkata,Eden Gardens,Kolkata Knight Riders,Kolkata Knight Riders,Rajasthan Royals,Rajasthan Royals,YK Pathan,2013-05-03,1
598044,1,0.1,0,1,Delhi Daredevils,Sunrisers Hyderabad,DPMD Jayawardene,V Sehwag,DW Steyn,0,0,,,,,,,,2013-05-04,2013,Hyderabad,"Rajiv Gandhi International Stadium, Uppal",Sunrisers Hyderabad,Sunrisers Hyderabad,Delhi Daredevils,Delhi Daredevils,DJG Sammy,2013-05-04,1
598046,1,0.1,0,1,Mumbai Indians,Chennai Super Kings,DR Smith,SR Tendulkar,RA Jadeja,0,0,,,,,,,,2013-05-05,2013,Mumbai,Wankhede Stadium,Mumbai Indians,Mumbai Indians,Chennai Super Kings,Mumbai Indians,MG Johnson,2013-05-05,1
598047,1,0.1,0,1,Pune Warriors,Rajasthan Royals,RV Uthappa,AJ Finch,A Chandila,1,0,,,,,,,,2013-05-05,2013,Jaipur,Sawai Mansingh Stadium,Rajasthan Royals,Rajasthan Royals,Pune Warriors,Pune Warriors,AM Rahane,2013-05-05,1
598064,1,0.1,0,1,Royal Challengers Bangalore,Kings XI Punjab,CA Pujara,CH Gayle,P Kumar,0,0,,,,,,,,2013-05-06,2013,Chandigarh,"Punjab Cricket Association Stadium, Mohali",Kings XI Punjab,Kings XI Punjab,Royal Challengers Bangalore,Kings XI Punjab,DA Miller,2013-05-06,1
598049,1,0.1,0,1,Delhi Daredevils,Rajasthan Royals,DPMD Jayawardene,V Sehwag,SW Tait,0,0,,,,,,,,2013-05-07,2013,Jaipur,Sawai Mansingh Stadium,Rajasthan Royals,Rajasthan Royals,Delhi Daredevils,Delhi Daredevils,AM Rahane,2013-05-07,1
598050,1,0.1,0,1,Mumbai Indians,Kolkata Knight Riders,DR Smith,SR Tendulkar,L Balaji,0,0,,,,,,,,2013-05-07,2013,Mumbai,Wankhede Stadium,Mumbai Indians,Mumbai Indians,Kolkata Knight Riders,Mumbai Indians,SR Tendulkar,2013-05-07,1
598051,1,0.1,0,1,Chennai Super Kings,Sunrisers Hyderabad,MEK Hussey,M Vijay,DW Steyn,0,0,,,,,,,,2013-05-08,2013,Hyderabad,"Rajiv Gandhi International Stadium, Uppal",Chennai Super Kings,Sunrisers Hyderabad,Chennai Super Kings,Sunrisers Hyderabad,SK Raina,2013-05-08,1
598052,1,0.1,0,1,Kings XI Punjab,Rajasthan Royals,Mandeep Singh,AC Gilchrist,A Chandila,0,0,,,,,,,,2013-05-09,2013,Chandigarh,"Punjab Cricket Association Stadium, Mohali",Rajasthan Royals,Kings XI Punjab,Rajasthan Royals,Rajasthan Royals,KK Cooper,2013-05-09,1
598053,1,0.1,0,1,Kolkata Knight Riders,Pune Warriors,MS Bisla,G Gambhir,WD Parnell,0,0,,,,,,,,2013-05-09,2013,Pune,Subrata Roy Sahara Stadium,Kolkata Knight Riders,Pune Warriors,Kolkata Knight Riders,Kolkata Knight Riders,G Gambhir,2013-05-09,1
598054,1,0.1,0,1,Royal Challengers Bangalore,Delhi Daredevils,CA Pujara,CH Gayle,M Morkel,1,0,,,,,,,,2013-05-10,2013,Delhi,Feroz Shah Kotla,Royal Challengers Bangalore,Delhi Daredevils,Royal Challengers Bangalore,Delhi Daredevils,JD Unadkat,2013-05-10,1
598055,1,0.1,0,1,Pune Warriors,Mumbai Indians,RV Uthappa,AJ Finch,MG Johnson,0,0,,,,,,,,2013-05-11,2013,Pune,Subrata Roy Sahara Stadium,Mumbai Indians,Pune Warriors,Mumbai Indians,Pune Warriors,MG Johnson,2013-05-11,1
598056,1,0.1,0,1,Sunrisers Hyderabad,Kings XI Punjab,PA Patel,S Dhawan,P Kumar,0,0,,,,,,,,2013-05-11,2013,Chandigarh,"Punjab Cricket Association Stadium, Mohali",Sunrisers Hyderabad,Kings XI Punjab,Sunrisers Hyderabad,Kings XI Punjab,PA Patel,2013-05-11,1
598057,1,0.1,0,1,Royal Challengers Bangalore,Kolkata Knight Riders,CA Pujara,CH Gayle,SMSM Senanayake,0,0,,,,,,,,2013-05-12,2013,Ranchi,JSCA International Stadium Complex,Kolkata Knight Riders,Kolkata Knight Riders,Royal Challengers Bangalore,Kolkata Knight Riders,JH Kallis,2013-05-12,1
598058,1,0.1,0,1,Chennai Super Kings,Rajasthan Royals,MEK Hussey,M Vijay,VS Malik,2,0,,,,,,,,2013-05-12,2013,Jaipur,Sawai Mansingh Stadium,Rajasthan Royals,Rajasthan Royals,Chennai Super Kings,Rajasthan Royals,SR Watson,2013-05-12,1
598060,1,0.1,0,1,Sunrisers Hyderabad,Mumbai Indians,PA Patel,S Dhawan,MG Johnson,4,0,,,,,,,,2013-05-13,2013,Mumbai,Wankhede Stadium,Mumbai Indians,Mumbai Indians,Sunrisers Hyderabad,Sunrisers Hyderabad,KA Pollard,2013-05-13,1
598045,1,0.1,0,1,Royal Challengers Bangalore,Kings XI Punjab,CA Pujara,CH Gayle,Azhar Mahmood,0,0,,,,,,,,2013-05-14,2013,Bangalore,M Chinnaswamy Stadium,Kings XI Punjab,Royal Challengers Bangalore,Kings XI Punjab,Kings XI Punjab,AC Gilchrist,2013-05-14,1
598062,1,0.1,0,1,Chennai Super Kings,Delhi Daredevils,MEK Hussey,M Vijay,IK Pathan,3,0,,,,,,,,2013-05-14,2013,Chennai,"MA Chidambaram Stadium, Chepauk",Chennai Super Kings,Chennai Super Kings,Delhi Daredevils,Chennai Super Kings,MS Dhoni,2013-05-14,1
598061,1,0.1,0,1,Pune Warriors,Kolkata Knight Riders,RV Uthappa,AJ Finch,L Balaji,0,0,,,,,,,,2013-05-15,2013,Ranchi,JSCA International Stadium Complex,Pune Warriors,Kolkata Knight Riders,Pune Warriors,Kolkata Knight Riders,MK Pandey,2013-05-15,1
598063,1,0.1,0,1,Mumbai Indians,Rajasthan Royals,GJ Maxwell,AP Tare,AA Chavan,0,0,,,,,,,,2013-05-15,2013,Mumbai,Wankhede Stadium,Mumbai Indians,Mumbai Indians,Rajasthan Royals,Rajasthan Royals,AP Tare,2013-05-15,1
598028,1,0.1,0,1,Kings XI Punjab,Delhi Daredevils,AC Gilchrist,SE Marsh,IK Pathan,0,0,,,,,,,,2013-05-16,2013,Dharamsala,Himachal Pradesh Cricket Association Stadium,Kings XI Punjab,Kings XI Punjab,Delhi Daredevils,Delhi Daredevils,DA Miller,2013-05-16,1
598065,1,0.1,0,1,Sunrisers Hyderabad,Rajasthan Royals,PA Patel,S Dhawan,BJ Hodge,0,0,,,,,,,,2013-05-17,2013,Hyderabad,"Rajiv Gandhi International Stadium, Uppal",Sunrisers Hyderabad,Sunrisers Hyderabad,Rajasthan Royals,Sunrisers Hyderabad,A Mishra,2013-05-17,1
598066,1,0.1,0,1,Kings XI Punjab,Mumbai Indians,AC Gilchrist,Mandeep Singh,NM Coulter-Nile,0,0,,,,,,,,2013-05-18,2013,Dharamsala,Himachal Pradesh Cricket Association Stadium,Kings XI Punjab,Kings XI Punjab,Mumbai Indians,Mumbai Indians,Azhar Mahmood,2013-05-18,1
598068,1,0.1,0,1,Royal Challengers Bangalore,Chennai Super Kings,V Kohli,CH Gayle,R Ashwin,0,0,,,,,,,,2013-05-18,2013,Bangalore,M Chinnaswamy Stadium,Royal Challengers Bangalore,Royal Challengers Bangalore,Chennai Super Kings,Chennai Super Kings,V Kohli,2013-05-18,1
598067,1,0.1,0,1,Pune Warriors,Delhi Daredevils,RV Uthappa,AJ Finch,IK Pathan,0,0,,,,,,,,2013-05-19,2013,Pune,Subrata Roy Sahara Stadium,Pune Warriors,Pune Warriors,Delhi Daredevils,Pune Warriors,LJ Wright,2013-05-19,1
598069,1,0.1,0,1,Kolkata Knight Riders,Sunrisers Hyderabad,MS Bisla,G Gambhir,DW Steyn,0,0,,,,,,,,2013-05-19,2013,Hyderabad,"Rajiv Gandhi International Stadium, Uppal",Sunrisers Hyderabad,Sunrisers Hyderabad,Kolkata Knight Riders,Kolkata Knight Riders,PA Patel,2013-05-19,1
598070,1,0.1,0,1,Chennai Super Kings,Mumbai Indians,MEK Hussey,M Vijay,MG Johnson,4,0,,,,,,,,2013-05-21,2013,Delhi,Feroz Shah Kotla,Chennai Super Kings,Chennai Super Kings,Mumbai Indians,Chennai Super Kings,MEK Hussey,2013-05-21,1
598071,1,0.1,0,1,Sunrisers Hyderabad,Rajasthan Royals,PA Patel,S Dhawan,VS Malik,1,0,,,,,,,,2013-05-22,2013,Delhi,Feroz Shah Kotla,Rajasthan Royals,Rajasthan Royals,Sunrisers Hyderabad,Sunrisers Hyderabad,BJ Hodge,2013-05-22,1
598072,1,0.1,0,1,Rajasthan Royals,Mumbai Indians,R Dravid,AM Rahane,MG Johnson,0,0,,,,,,,,2013-05-24,2013,Kolkata,Eden Gardens,Mumbai Indians,Mumbai Indians,Rajasthan Royals,Rajasthan Royals,Harbhajan Singh,2013-05-24,1
598073,1,0.1,0,1,Mumbai Indians,Chennai Super Kings,DR Smith,AP Tare,MM Sharma,0,0,,,,,,,,2013-05-26,2013,Kolkata,Eden Gardens,Mumbai Indians,Chennai Super Kings,Mumbai Indians,Mumbai Indians,KA Pollard,2013-05-26,1
729279,1,0.1,0,1,Kolkata Knight Riders,Mumbai Indians,G Gambhir,JH Kallis,Z Khan,0,0,,,,,,,,2014-04-16,2014,Abu Dhabi,Sheikh Zayed Stadium,Kolkata Knight Riders,Mumbai Indians,Kolkata Knight Riders,Kolkata Knight Riders,JH Kallis,2014-04-16,1
729281,1,0.1,0,1,Delhi Daredevils,Royal Challengers Bangalore,MA Agarwal,M Vijay,MA Starc,0,0,,,,,,,,2014-04-17,2014,,Sharjah Cricket Stadium,Royal Challengers Bangalore,Delhi Daredevils,Royal Challengers Bangalore,Royal Challengers Bangalore,YS Chahal,2014-04-17,1
729283,1,0.1,0,1,Chennai Super Kings,Kings XI Punjab,DR Smith,BB McCullum,AR Patel,1,0,,,,,,,,2014-04-18,2014,Abu Dhabi,Sheikh Zayed Stadium,Kings XI Punjab,Chennai Super Kings,Kings XI Punjab,Chennai Super Kings,GJ Maxwell,2014-04-18,1
729285,1,0.1,0,1,Sunrisers Hyderabad,Rajasthan Royals,AJ Finch,S Dhawan,DS Kulkarni,0,0,,,,,,,,2014-04-18,2014,Abu Dhabi,Sheikh Zayed Stadium,Rajasthan Royals,Sunrisers Hyderabad,Rajasthan Royals,Rajasthan Royals,AM Rahane,2014-04-18,1
729287,1,0.1,0,1,Mumbai Indians,Royal Challengers Bangalore,MEK Hussey,AP Tare,MA Starc,1,0,,,,,,,,2014-04-19,2014,,Dubai International Cricket Stadium,Royal Challengers Bangalore,Royal Challengers Bangalore,Mumbai Indians,Royal Challengers Bangalore,PA Patel,2014-04-19,1
729289,1,0.1,0,1,Kolkata Knight Riders,Delhi Daredevils,JH Kallis,G Gambhir,Mohammed Shami,0,1,1.0,,,,,,,2014-04-19,2014,,Dubai International Cricket Stadium,Delhi Daredevils,Kolkata Knight Riders,Delhi Daredevils,Kolkata Knight Riders,JP Duminy,2014-04-19,1
729291,1,0.1,0,1,Rajasthan Royals,Kings XI Punjab,AM Nayar,AM Rahane,AR Patel,0,0,,,,,,,,2014-04-20,2014,,Sharjah Cricket Stadium,Kings XI Punjab,Rajasthan Royals,Kings XI Punjab,Kings XI Punjab,GJ Maxwell,2014-04-20,1
729293,1,0.1,0,1,Chennai Super Kings,Delhi Daredevils,DR Smith,BB McCullum,JP Duminy,0,1,1.0,,,,,,,2014-04-21,2014,Abu Dhabi,Sheikh Zayed Stadium,Chennai Super Kings,Chennai Super Kings,Delhi Daredevils,Chennai Super Kings,SK Raina,2014-04-21,1
729295,1,0.1,0,1,Kings XI Punjab,Sunrisers Hyderabad,CA Pujara,V Sehwag,DW Steyn,1,0,,,,,,,,2014-04-22,2014,,Sharjah Cricket Stadium,Kings XI Punjab,Kings XI Punjab,Sunrisers Hyderabad,Sunrisers Hyderabad,GJ Maxwell,2014-04-22,1
729297,1,0.1,0,1,Chennai Super Kings,Rajasthan Royals,DR Smith,BB McCullum,DS Kulkarni,4,0,,,,,,,,2014-04-23,2014,,Dubai International Cricket Stadium,Chennai Super Kings,Rajasthan Royals,Chennai Super Kings,Rajasthan Royals,RA Jadeja,2014-04-23,1
729299,1,0.1,0,1,Kolkata Knight Riders,Royal Challengers Bangalore,JH Kallis,G Gambhir,MA Starc,0,0,,,,,,,,2014-04-24,2014,,Sharjah Cricket Stadium,Kolkata Knight Riders,Royal Challengers Bangalore,Kolkata Knight Riders,Royal Challengers Bangalore,CA Lynn,2014-04-24,1
729301,1,0.1,0,1,Sunrisers Hyderabad,Delhi Daredevils,S Dhawan,AJ Finch,S Nadeem,0,0,,,,,,,,2014-04-25,2014,,Dubai International Cricket Stadium,Sunrisers Hyderabad,Sunrisers Hyderabad,Delhi Daredevils,Sunrisers Hyderabad,AJ Finch,2014-04-25,1
729303,1,0.1,0,1,Mumbai Indians,Chennai Super Kings,MEK Hussey,AP Tare,IC Pandey,0,0,,,,,,,,2014-04-25,2014,,Dubai International Cricket Stadium,Chennai Super Kings,Chennai Super Kings,Mumbai Indians,Mumbai Indians,MM Sharma,2014-04-25,1
729305,1,0.1,0,1,Royal Challengers Bangalore,Rajasthan Royals,PA Patel,YV Takawale,STR Binny,1,0,,,,,,,,2014-04-26,2014,Abu Dhabi,Sheikh Zayed Stadium,Rajasthan Royals,Rajasthan Royals,Royal Challengers Bangalore,Rajasthan Royals,PV Tambe,2014-04-26,1
729307,1,0.1,0,1,Kings XI Punjab,Kolkata Knight Riders,CA Pujara,V Sehwag,UT Yadav,0,0,,,,,,,,2014-04-26,2014,Abu Dhabi,Sheikh Zayed Stadium,Kings XI Punjab,Kolkata Knight Riders,Kings XI Punjab,Kolkata Knight Riders,Sandeep Sharma,2014-04-26,1
729309,1,0.1,0,1,Mumbai Indians,Delhi Daredevils,RG Sharma,AP Tare,S Nadeem,1,0,,,,,,,,2014-04-27,2014,,Sharjah Cricket Stadium,Delhi Daredevils,Delhi Daredevils,Mumbai Indians,Mumbai Indians,M Vijay,2014-04-27,1
729311,1,0.1,0,1,Sunrisers Hyderabad,Chennai Super Kings,AJ Finch,S Dhawan,BW Hilfenhaus,1,0,,,,,,,,2014-04-27,2014,,Sharjah Cricket Stadium,Chennai Super Kings,Sunrisers Hyderabad,Chennai Super Kings,Sunrisers Hyderabad,DR Smith,2014-04-27,1
729313,1,0.1,0,1,Royal Challengers Bangalore,Kings XI Punjab,CH Gayle,PA Patel,GJ Maxwell,4,0,,,,,,,,2014-04-28,2014,,Dubai International Cricket Stadium,Kings XI Punjab,Kings XI Punjab,Royal Challengers Bangalore,Kings XI Punjab,Sandeep Sharma,2014-04-28,1
729317,1,0.1,0,1,Sunrisers Hyderabad,Mumbai Indians,AJ Finch,S Dhawan,Z Khan,0,1,,,,1.0,,,,2014-04-30,2014,,Dubai International Cricket Stadium,Sunrisers Hyderabad,Mumbai Indians,Sunrisers Hyderabad,Mumbai Indians,B Kumar,2014-04-30,1
733971,1,0.1,0,1,Chennai Super Kings,Kolkata Knight Riders,DR Smith,BB McCullum,Shakib Al Hasan,0,0,,,,,,,,2014-05-02,2014,Ranchi,JSCA International Stadium Complex,Chennai Super Kings,Chennai Super Kings,Kolkata Knight Riders,Chennai Super Kings,RA Jadeja,2014-05-02,1
733973,1,0.1,0,1,Kings XI Punjab,Mumbai Indians,CA Pujara,V Sehwag,Z Khan,0,0,,,,,,,,2014-05-03,2014,Mumbai,Wankhede Stadium,Mumbai Indians,Mumbai Indians,Kings XI Punjab,Kings XI Punjab,CJ Anderson,2014-05-03,1
733975,1,0.1,0,1,Delhi Daredevils,Rajasthan Royals,Q de Kock,M Vijay,STR Binny,0,0,,,,,,,,2014-05-03,2014,Delhi,Feroz Shah Kotla,Rajasthan Royals,Delhi Daredevils,Rajasthan Royals,Rajasthan Royals,KK Nair,2014-05-03,1
733977,1,0.1,0,1,Sunrisers Hyderabad,Royal Challengers Bangalore,AJ Finch,S Dhawan,MA Starc,0,0,,,,,,,,2014-05-04,2014,Bangalore,M Chinnaswamy Stadium,Royal Challengers Bangalore,Royal Challengers Bangalore,Sunrisers Hyderabad,Royal Challengers Bangalore,AB de Villiers,2014-05-04,1
733979,1,0.1,0,1,Rajasthan Royals,Kolkata Knight Riders,AM Rahane,KK Nair,R Vinay Kumar,4,0,,,,,,,,2014-05-05,2014,Ahmedabad,"Sardar Patel Stadium, Motera",Rajasthan Royals,Rajasthan Royals,Kolkata Knight Riders,Kolkata Knight Riders,PV Tambe,2014-05-05,1
733981,1,0.1,0,1,Delhi Daredevils,Chennai Super Kings,Q de Kock,M Vijay,BW Hilfenhaus,0,4,,,,4.0,,,,2014-05-05,2014,Delhi,Feroz Shah Kotla,Chennai Super Kings,Delhi Daredevils,Chennai Super Kings,Chennai Super Kings,DR Smith,2014-05-05,1
733983,1,0.1,0,1,Mumbai Indians,Royal Challengers Bangalore,BR Dunk,CM Gautam,MA Starc,0,1,,,,1.0,,,,2014-05-06,2014,Mumbai,Wankhede Stadium,Mumbai Indians,Mumbai Indians,Royal Challengers Bangalore,Royal Challengers Bangalore,RG Sharma,2014-05-06,1
733985,1,0.1,0,1,Delhi Daredevils,Kolkata Knight Riders,Q de Kock,M Vijay,SA Yadav,4,0,,,,,,,,2014-05-07,2014,Delhi,Feroz Shah Kotla,Kolkata Knight Riders,Delhi Daredevils,Kolkata Knight Riders,Delhi Daredevils,G Gambhir,2014-05-07,1
733987,1,0.1,0,1,Kings XI Punjab,Chennai Super Kings,V Sehwag,Mandeep Singh,BW Hilfenhaus,4,0,,,,,,,,2014-05-07,2014,Cuttack,Barabati Stadium,Kings XI Punjab,Kings XI Punjab,Chennai Super Kings,Chennai Super Kings,GJ Maxwell,2014-05-07,1
733989,1,0.1,0,1,Sunrisers Hyderabad,Rajasthan Royals,S Dhawan,AJ Finch,KW Richardson,4,0,,,,,,,,2014-05-08,2014,Ahmedabad,"Sardar Patel Stadium, Motera",Sunrisers Hyderabad,Rajasthan Royals,Sunrisers Hyderabad,Rajasthan Royals,B Kumar,2014-05-08,1
733991,1,0.1,0,1,Kings XI Punjab,Royal Challengers Bangalore,V Sehwag,Mandeep Singh,MA Starc,4,0,,,,,,,,2014-05-09,2014,Bangalore,M Chinnaswamy Stadium,Kings XI Punjab,Royal Challengers Bangalore,Kings XI Punjab,Royal Challengers Bangalore,Sandeep Sharma,2014-05-09,1
733993,1,0.1,0,1,Delhi Daredevils,Sunrisers Hyderabad,Q de Kock,KP Pietersen,DW Steyn,0,0,,,,,,,,2014-05-10,2014,Delhi,Feroz Shah Kotla,Sunrisers Hyderabad,Delhi Daredevils,Sunrisers Hyderabad,Sunrisers Hyderabad,DW Steyn,2014-05-10,1
733995,1,0.1,0,1,Mumbai Indians,Chennai Super Kings,LMP Simmons,CM Gautam,S Badree,0,1,1.0,,,,,,,2014-05-10,2014,Mumbai,Wankhede Stadium,Chennai Super Kings,Mumbai Indians,Chennai Super Kings,Chennai Super Kings,DR Smith,2014-05-10,1
733997,1,0.1,0,1,Kings XI Punjab,Kolkata Knight Riders,V Sehwag,Mandeep Singh,JH Kallis,4,0,,,,,,,,2014-05-11,2014,Cuttack,Barabati Stadium,Kolkata Knight Riders,Kings XI Punjab,Kolkata Knight Riders,Kolkata Knight Riders,G Gambhir,2014-05-11,1
733999,1,0.1,0,1,Royal Challengers Bangalore,Rajasthan Royals,V Kohli,CH Gayle,KW Richardson,0,0,,,,,,,,2014-05-11,2014,Bangalore,M Chinnaswamy Stadium,Rajasthan Royals,Royal Challengers Bangalore,Rajasthan Royals,Royal Challengers Bangalore,JP Faulkner,2014-05-11,1
734001,1,0.1,0,1,Sunrisers Hyderabad,Mumbai Indians,AJ Finch,S Dhawan,CJ Anderson,0,0,,,,,,,,2014-05-12,2014,Hyderabad,"Rajiv Gandhi International Stadium, Uppal",Mumbai Indians,Sunrisers Hyderabad,Mumbai Indians,Sunrisers Hyderabad,AT Rayudu,2014-05-12,1
734003,1,0.1,0,1,Rajasthan Royals,Chennai Super Kings,Ankit Sharma,SR Watson,S Badree,0,0,,,,,,,,2014-05-13,2014,Ranchi,JSCA International Stadium Complex,Chennai Super Kings,Chennai Super Kings,Rajasthan Royals,Rajasthan Royals,RA Jadeja,2014-05-13,1
734005,1,0.1,0,1,Royal Challengers Bangalore,Delhi Daredevils,CH Gayle,PA Patel,JP Duminy,0,0,,,,,,,,2014-05-13,2014,Bangalore,M Chinnaswamy Stadium,Royal Challengers Bangalore,Royal Challengers Bangalore,Delhi Daredevils,Delhi Daredevils,Yuvraj Singh,2014-05-13,1
734007,1,0.1,0,1,Sunrisers Hyderabad,Kings XI Punjab,AJ Finch,S Dhawan,Sandeep Sharma,4,0,,,,,,,,2014-05-14,2014,Hyderabad,"Rajiv Gandhi International Stadium, Uppal",Kings XI Punjab,Sunrisers Hyderabad,Kings XI Punjab,Kings XI Punjab,WP Saha,2014-05-14,1
734009,1,0.1,0,1,Mumbai Indians,Kolkata Knight Riders,LMP Simmons,CM Gautam,M Morkel,0,0,,,,,,,,2014-05-14,2014,Cuttack,Barabati Stadium,Kolkata Knight Riders,Kolkata Knight Riders,Mumbai Indians,Kolkata Knight Riders,RV Uthappa,2014-05-14,1
734011,1,0.1,0,1,Rajasthan Royals,Delhi Daredevils,AM Rahane,KK Nair,JP Duminy,0,0,,,,,,,,2014-05-15,2014,Ahmedabad,"Sardar Patel Stadium, Motera",Rajasthan Royals,Rajasthan Royals,Delhi Daredevils,Delhi Daredevils,AM Rahane,2014-05-15,1
734013,1,0.1,0,1,Chennai Super Kings,Royal Challengers Bangalore,DR Smith,BB McCullum,M Muralitharan,0,0,,,,,,,,2014-05-18,2014,Ranchi,JSCA International Stadium Complex,Royal Challengers Bangalore,Chennai Super Kings,Royal Challengers Bangalore,Chennai Super Kings,AB de Villiers,2014-05-18,1
734015,1,0.1,0,1,Sunrisers Hyderabad,Kolkata Knight Riders,AJ Finch,S Dhawan,M Morkel,0,0,,,,,,,,2014-05-18,2014,Hyderabad,"Rajiv Gandhi International Stadium, Uppal",Kolkata Knight Riders,Sunrisers Hyderabad,Kolkata Knight Riders,Sunrisers Hyderabad,UT Yadav,2014-05-18,1
734017,1,0.1,0,1,Mumbai Indians,Rajasthan Royals,MEK Hussey,LMP Simmons,Ankit Sharma,1,0,,,,,,,,2014-05-19,2014,Ahmedabad,"Sardar Patel Stadium, Motera",Mumbai Indians,Rajasthan Royals,Mumbai Indians,Mumbai Indians,MEK Hussey,2014-05-19,1
734019,1,0.1,0,1,Delhi Daredevils,Kings XI Punjab,M Vijay,KP Pietersen,Sandeep Sharma,1,0,,,,,,,,2014-05-19,2014,Delhi,Feroz Shah Kotla,Kings XI Punjab,Delhi Daredevils,Kings XI Punjab,Kings XI Punjab,AR Patel,2014-05-19,1
734021,1,0.1,0,1,Royal Challengers Bangalore,Sunrisers Hyderabad,CH Gayle,PA Patel,B Kumar,0,1,,,,1.0,,,,2014-05-20,2014,Hyderabad,"Rajiv Gandhi International Stadium, Uppal",Sunrisers Hyderabad,Sunrisers Hyderabad,Royal Challengers Bangalore,Royal Challengers Bangalore,DA Warner,2014-05-20,1
734023,1,0.1,0,1,Chennai Super Kings,Kolkata Knight Riders,DR Smith,BB McCullum,Shakib Al Hasan,4,0,,,,,,,,2014-05-20,2014,Kolkata,Eden Gardens,Kolkata Knight Riders,Kolkata Knight Riders,Chennai Super Kings,Kolkata Knight Riders,RV Uthappa,2014-05-20,1
734025,1,0.1,0,1,Kings XI Punjab,Mumbai Indians,V Sehwag,M Vohra,P Kumar,4,0,,,,,,,,2014-05-21,2014,Chandigarh,"Punjab Cricket Association Stadium, Mohali",Mumbai Indians,Kings XI Punjab,Mumbai Indians,Mumbai Indians,LMP Simmons,2014-05-21,1
734027,1,0.1,0,1,Kolkata Knight Riders,Royal Challengers Bangalore,RV Uthappa,G Gambhir,MA Starc,1,0,,,,,,,,2014-05-22,2014,Kolkata,Eden Gardens,Kolkata Knight Riders,Kolkata Knight Riders,Royal Challengers Bangalore,Royal Challengers Bangalore,RV Uthappa,2014-05-22,1
734029,1,0.1,0,1,Chennai Super Kings,Sunrisers Hyderabad,DR Smith,F du Plessis,B Kumar,0,0,,,,,,,,2014-05-22,2014,Ranchi,JSCA International Stadium Complex,Sunrisers Hyderabad,Chennai Super Kings,Sunrisers Hyderabad,Sunrisers Hyderabad,DA Warner,2014-05-22,1
734031,1,0.1,0,1,Mumbai Indians,Delhi Daredevils,LMP Simmons,MEK Hussey,WD Parnell,0,0,,,,,,,,2014-05-23,2014,Mumbai,Wankhede Stadium,Mumbai Indians,Mumbai Indians,Delhi Daredevils,Delhi Daredevils,MEK Hussey,2014-05-23,1
734033,1,0.1,0,1,Kings XI Punjab,Rajasthan Royals,V Sehwag,M Vohra,VS Malik,0,0,,,,,,,,2014-05-23,2014,Chandigarh,"Punjab Cricket Association Stadium, Mohali",Kings XI Punjab,Kings XI Punjab,Rajasthan Royals,Rajasthan Royals,SE Marsh,2014-05-23,1
734035,1,0.1,0,1,Royal Challengers Bangalore,Chennai Super Kings,RR Rossouw,YV Takawale,A Nehra,0,0,,,,,,,,2014-05-24,2014,Bangalore,M Chinnaswamy Stadium,Chennai Super Kings,Royal Challengers Bangalore,Chennai Super Kings,Chennai Super Kings,MS Dhoni,2014-05-24,1
734037,1,0.1,0,1,Sunrisers Hyderabad,Kolkata Knight Riders,DA Warner,S Dhawan,M Morkel,4,0,,,,,,,,2014-05-24,2014,Kolkata,Eden Gardens,Kolkata Knight Riders,Kolkata Knight Riders,Sunrisers Hyderabad,Kolkata Knight Riders,YK Pathan,2014-05-24,1
734039,1,0.1,0,1,Delhi Daredevils,Kings XI Punjab,KP Pietersen,MA Agarwal,P Awana,0,0,,,,,,,,2014-05-25,2014,Chandigarh,"Punjab Cricket Association Stadium, Mohali",Kings XI Punjab,Kings XI Punjab,Delhi Daredevils,Kings XI Punjab,M Vohra,2014-05-25,1
734041,1,0.1,0,1,Rajasthan Royals,Mumbai Indians,SR Watson,SV Samson,CJ Anderson,1,0,,,,,,,,2014-05-25,2014,Mumbai,Wankhede Stadium,Mumbai Indians,Mumbai Indians,Rajasthan Royals,Mumbai Indians,CJ Anderson,2014-05-25,1
734043,1,0.1,0,1,Kolkata Knight Riders,Kings XI Punjab,RV Uthappa,G Gambhir,P Awana,0,0,,,,,,,,2014-05-27,2014,Kolkata,Eden Gardens,Kolkata Knight Riders,Kings XI Punjab,Kolkata Knight Riders,Kings XI Punjab,UT Yadav,2014-05-27,1
734045,1,0.1,0,1,Mumbai Indians,Chennai Super Kings,LMP Simmons,MEK Hussey,A Nehra,1,0,,,,,,,,2014-05-28,2014,Mumbai,Brabourne Stadium,Chennai Super Kings,Chennai Super Kings,Mumbai Indians,Chennai Super Kings,SK Raina,2014-05-28,1
734047,1,0.1,0,1,Kings XI Punjab,Chennai Super Kings,V Sehwag,M Vohra,A Nehra,1,0,,,,,,,,2014-05-30,2014,Mumbai,Wankhede Stadium,Kings XI Punjab,Chennai Super Kings,Kings XI Punjab,Chennai Super Kings,V Sehwag,2014-05-30,1
734049,1,0.1,0,1,Kings XI Punjab,Kolkata Knight Riders,V Sehwag,M Vohra,M Morkel,0,1,,,,1.0,,,,2014-06-01,2014,Bangalore,M Chinnaswamy Stadium,Kolkata Knight Riders,Kolkata Knight Riders,Kings XI Punjab,Kolkata Knight Riders,MK Pandey,2014-06-01,1
829705,1,0.1,0,1,Mumbai Indians,Kolkata Knight Riders,RG Sharma,AJ Finch,UT Yadav,0,0,,,,,,,,2015-04-08,2015,Kolkata,Eden Gardens,Kolkata Knight Riders,Kolkata Knight Riders,Mumbai Indians,Kolkata Knight Riders,M Morkel,2015-04-08,1
829707,1,0.1,0,1,Chennai Super Kings,Delhi Daredevils,DR Smith,BB McCullum,JA Morkel,0,0,,,,,,,,2015-04-09,2015,Chennai,"MA Chidambaram Stadium, Chepauk",Chennai Super Kings,Chennai Super Kings,Delhi Daredevils,Delhi Daredevils,A Nehra,2015-04-09,1
829709,1,0.1,0,1,Rajasthan Royals,Kings XI Punjab,AM Rahane,SV Samson,Sandeep Sharma,0,4,,,,4.0,,,,2015-04-10,2015,Pune,Maharashtra Cricket Association Stadium,Rajasthan Royals,Kings XI Punjab,Rajasthan Royals,Kings XI Punjab,JP Faulkner,2015-04-10,1
829711,1,0.1,0,1,Chennai Super Kings,Sunrisers Hyderabad,DR Smith,BB McCullum,B Kumar,0,0,,,,,,,,2015-04-11,2015,Chennai,"MA Chidambaram Stadium, Chepauk",Chennai Super Kings,Chennai Super Kings,Sunrisers Hyderabad,Chennai Super Kings,BB McCullum,2015-04-11,1
829713,1,0.1,0,1,Kolkata Knight Riders,Royal Challengers Bangalore,RV Uthappa,G Gambhir,SA Abbott,4,0,,,,,,,,2015-04-11,2015,Kolkata,Eden Gardens,Royal Challengers Bangalore,Kolkata Knight Riders,Royal Challengers Bangalore,Royal Challengers Bangalore,CH Gayle,2015-04-11,1
829715,1,0.1,0,1,Delhi Daredevils,Rajasthan Royals,MA Agarwal,SS Iyer,TG Southee,1,0,,,,,,,,2015-04-12,2015,Delhi,Feroz Shah Kotla,Rajasthan Royals,Delhi Daredevils,Rajasthan Royals,Rajasthan Royals,DJ Hooda,2015-04-12,1
829717,1,0.1,0,1,Kings XI Punjab,Mumbai Indians,M Vijay,V Sehwag,R Vinay Kumar,0,0,,,,,,,,2015-04-12,2015,Mumbai,Wankhede Stadium,Kings XI Punjab,Mumbai Indians,Kings XI Punjab,Mumbai Indians,GJ Bailey,2015-04-12,1
829719,1,0.1,0,1,Royal Challengers Bangalore,Sunrisers Hyderabad,CH Gayle,V Kohli,TA Boult,1,0,,,,,,,,2015-04-13,2015,Bangalore,M Chinnaswamy Stadium,Sunrisers Hyderabad,Royal Challengers Bangalore,Sunrisers Hyderabad,Sunrisers Hyderabad,DA Warner,2015-04-13,1
829721,1,0.1,0,1,Mumbai Indians,Rajasthan Royals,AJ Finch,PA Patel,TG Southee,0,0,,,,,,,,2015-04-14,2015,Ahmedabad,"Sardar Patel Stadium, Motera",Rajasthan Royals,Rajasthan Royals,Mumbai Indians,Mumbai Indians,SPD Smith,2015-04-14,1
829725,1,0.1,0,1,Kings XI Punjab,Delhi Daredevils,M Vijay,V Sehwag,NM Coulter-Nile,0,0,,,,,,,,2015-04-15,2015,Pune,Maharashtra Cricket Association Stadium,Delhi Daredevils,Kings XI Punjab,Delhi Daredevils,Kings XI Punjab,MA Agarwal,2015-04-15,1
829727,1,0.1,0,1,Sunrisers Hyderabad,Rajasthan Royals,DA Warner,S Dhawan,TG Southee,0,0,,,,,,,,2015-04-16,2015,Visakhapatnam,Dr. Y.S. Rajasekhara Reddy ACA-VDCA Cricket Stadium,Rajasthan Royals,Sunrisers Hyderabad,Rajasthan Royals,Rajasthan Royals,AM Rahane,2015-04-16,1
829729,1,0.1,0,1,Mumbai Indians,Chennai Super Kings,LMP Simmons,PA Patel,A Nehra,0,0,,,,,,,,2015-04-17,2015,Mumbai,Wankhede Stadium,Chennai Super Kings,Mumbai Indians,Chennai Super Kings,Mumbai Indians,A Nehra,2015-04-17,1
829731,1,0.1,0,1,Delhi Daredevils,Sunrisers Hyderabad,MA Agarwal,SS Iyer,P Kumar,1,0,,,,,,,,2015-04-18,2015,Visakhapatnam,Dr. Y.S. Rajasekhara Reddy ACA-VDCA Cricket Stadium,Delhi Daredevils,Sunrisers Hyderabad,Delhi Daredevils,Delhi Daredevils,JP Duminy,2015-04-18,1
829733,1,0.1,0,1,Kings XI Punjab,Kolkata Knight Riders,M Vijay,V Sehwag,UT Yadav,0,0,,,,,,,,2015-04-18,2015,Pune,Maharashtra Cricket Association Stadium,Kolkata Knight Riders,Kings XI Punjab,Kolkata Knight Riders,Kolkata Knight Riders,AD Russell,2015-04-18,1
829735,1,0.1,0,1,Chennai Super Kings,Rajasthan Royals,DR Smith,BB McCullum,Ankit Sharma,1,0,,,,,,,,2015-04-19,2015,Ahmedabad,"Sardar Patel Stadium, Motera",Rajasthan Royals,Rajasthan Royals,Chennai Super Kings,Chennai Super Kings,AM Rahane,2015-04-19,1
829737,1,0.1,0,1,Mumbai Indians,Royal Challengers Bangalore,LMP Simmons,PA Patel,Iqbal Abdulla,1,0,,,,,,,,2015-04-19,2015,Bangalore,M Chinnaswamy Stadium,Mumbai Indians,Royal Challengers Bangalore,Mumbai Indians,Royal Challengers Bangalore,Harbhajan Singh,2015-04-19,1
829739,1,0.1,0,1,Delhi Daredevils,Kolkata Knight Riders,MA Agarwal,SS Iyer,UT Yadav,0,0,,,,,,,,2015-04-20,2015,Delhi,Feroz Shah Kotla,Kolkata Knight Riders,Delhi Daredevils,Kolkata Knight Riders,Kolkata Knight Riders,UT Yadav,2015-04-20,1
829743,1,0.1,0,1,Sunrisers Hyderabad,Kolkata Knight Riders,S Dhawan,DA Warner,J Botha,0,0,,,,,,,,2015-04-22,2015,Visakhapatnam,Dr. Y.S. Rajasekhara Reddy ACA-VDCA Cricket Stadium,Sunrisers Hyderabad,Sunrisers Hyderabad,Kolkata Knight Riders,Kolkata Knight Riders,DA Warner,2015-04-22,1
829745,1,0.1,0,1,Chennai Super Kings,Royal Challengers Bangalore,DR Smith,BB McCullum,MA Starc,0,0,,,,,,,,2015-04-22,2015,Bangalore,M Chinnaswamy Stadium,Chennai Super Kings,Royal Challengers Bangalore,Chennai Super Kings,Royal Challengers Bangalore,SK Raina,2015-04-22,1
829747,1,0.1,0,1,Delhi Daredevils,Mumbai Indians,MA Agarwal,SS Iyer,MJ McClenaghan,1,0,,,,,,,,2015-04-23,2015,Delhi,Feroz Shah Kotla,Delhi Daredevils,Delhi Daredevils,Mumbai Indians,Mumbai Indians,SS Iyer,2015-04-23,1
829749,1,0.1,0,1,Rajasthan Royals,Royal Challengers Bangalore,AM Rahane,SR Watson,MA Starc,0,0,,,,,,,,2015-04-24,2015,Ahmedabad,"Sardar Patel Stadium, Motera",Royal Challengers Bangalore,Rajasthan Royals,Royal Challengers Bangalore,Royal Challengers Bangalore,MA Starc,2015-04-24,1
829751,1,0.1,0,1,Mumbai Indians,Sunrisers Hyderabad,LMP Simmons,PA Patel,TA Boult,0,0,,,,,,,,2015-04-25,2015,Mumbai,Wankhede Stadium,Mumbai Indians,Mumbai Indians,Sunrisers Hyderabad,Mumbai Indians,SL Malinga,2015-04-25,1
829753,1,0.1,0,1,Chennai Super Kings,Kings XI Punjab,DR Smith,BB McCullum,Karanveer Singh,4,0,,,,,,,,2015-04-25,2015,Chennai,"MA Chidambaram Stadium, Chepauk",Chennai Super Kings,Chennai Super Kings,Kings XI Punjab,Chennai Super Kings,BB McCullum,2015-04-25,1
829757,1,0.1,0,1,Delhi Daredevils,Royal Challengers Bangalore,MA Agarwal,SS Iyer,MA Starc,0,0,,,,,,,,2015-04-26,2015,Delhi,Feroz Shah Kotla,Royal Challengers Bangalore,Delhi Daredevils,Royal Challengers Bangalore,Royal Challengers Bangalore,VR Aaron,2015-04-26,1
829759,1,0.1,0,1,Sunrisers Hyderabad,Kings XI Punjab,DA Warner,S Dhawan,Sandeep Sharma,0,0,,,,,,,,2015-04-27,2015,Chandigarh,"Punjab Cricket Association Stadium, Mohali",Sunrisers Hyderabad,Kings XI Punjab,Sunrisers Hyderabad,Kings XI Punjab,TA Boult,2015-04-27,1
829765,1,0.1,0,1,Chennai Super Kings,Kolkata Knight Riders,DR Smith,BB McCullum,PJ Cummins,0,0,,,,,,,,2015-04-28,2015,Chennai,"MA Chidambaram Stadium, Chepauk",Chennai Super Kings,Chennai Super Kings,Kolkata Knight Riders,Kolkata Knight Riders,DJ Bravo,2015-04-28,1
829723,1,0.1,0,1,Chennai Super Kings,Kolkata Knight Riders,DR Smith,BB McCullum,PJ Cummins,0,0,,,,,,caught,DR Smith,2015-04-30,2015,Kolkata,Eden Gardens,Kolkata Knight Riders,Kolkata Knight Riders,Chennai Super Kings,Kolkata Knight Riders,AD Russell,2015-04-30,1
829767,1,0.1,0,1,Kings XI Punjab,Delhi Daredevils,V Sehwag,M Vohra,Z Khan,1,0,,,,,,,,2015-05-01,2015,Delhi,Feroz Shah Kotla,Delhi Daredevils,Delhi Daredevils,Kings XI Punjab,Delhi Daredevils,NM Coulter-Nile,2015-05-01,1
829769,1,0.1,0,1,Mumbai Indians,Rajasthan Royals,LMP Simmons,PA Patel,TG Southee,0,0,,,,,,,,2015-05-01,2015,Mumbai,Wankhede Stadium,Mumbai Indians,Mumbai Indians,Rajasthan Royals,Rajasthan Royals,AT Rayudu,2015-05-01,1
829771,1,0.1,0,1,Kolkata Knight Riders,Royal Challengers Bangalore,RV Uthappa,G Gambhir,MA Starc,0,0,,,,,,,,2015-05-02,2015,Bangalore,M Chinnaswamy Stadium,Royal Challengers Bangalore,Royal Challengers Bangalore,Kolkata Knight Riders,Royal Challengers Bangalore,Mandeep Singh,2015-05-02,1
829773,1,0.1,0,1,Sunrisers Hyderabad,Chennai Super Kings,DA Warner,S Dhawan,MM Sharma,4,0,,,,,,,,2015-05-02,2015,Hyderabad,"Rajiv Gandhi International Stadium, Uppal",Sunrisers Hyderabad,Sunrisers Hyderabad,Chennai Super Kings,Chennai Super Kings,DA Warner,2015-05-02,1
829775,1,0.1,0,1,Mumbai Indians,Kings XI Punjab,LMP Simmons,PA Patel,Sandeep Sharma,0,0,,,,,,,,2015-05-03,2015,Chandigarh,"Punjab Cricket Association Stadium, Mohali",Mumbai Indians,Kings XI Punjab,Mumbai Indians,Mumbai Indians,LMP Simmons,2015-05-03,1
829777,1,0.1,0,1,Rajasthan Royals,Delhi Daredevils,AM Rahane,SR Watson,Z Khan,0,2,2.0,,,,,,,2015-05-03,2015,Mumbai,Brabourne Stadium,Rajasthan Royals,Rajasthan Royals,Delhi Daredevils,Delhi Daredevils,AM Rahane,2015-05-03,1
829779,1,0.1,0,1,Chennai Super Kings,Royal Challengers Bangalore,DR Smith,BB McCullum,MA Starc,0,0,,,,,,,,2015-05-04,2015,Chennai,"MA Chidambaram Stadium, Chepauk",Chennai Super Kings,Chennai Super Kings,Royal Challengers Bangalore,Chennai Super Kings,SK Raina,2015-05-04,1
829781,1,0.1,0,1,Kolkata Knight Riders,Sunrisers Hyderabad,RV Uthappa,G Gambhir,B Kumar,0,0,,,,,,,,2015-05-04,2015,Kolkata,Eden Gardens,Kolkata Knight Riders,Kolkata Knight Riders,Sunrisers Hyderabad,Sunrisers Hyderabad,UT Yadav,2015-05-04,1
829783,1,0.1,0,1,Delhi Daredevils,Mumbai Indians,MA Agarwal,SS Iyer,SL Malinga,0,0,,,,,,caught,MA Agarwal,2015-05-05,2015,Mumbai,Wankhede Stadium,Mumbai Indians,Mumbai Indians,Delhi Daredevils,Delhi Daredevils,Harbhajan Singh,2015-05-05,1
829785,1,0.1,0,1,Royal Challengers Bangalore,Kings XI Punjab,CH Gayle,V Kohli,Sandeep Sharma,0,0,,,,,,,,2015-05-06,2015,Bangalore,M Chinnaswamy Stadium,Royal Challengers Bangalore,Royal Challengers Bangalore,Kings XI Punjab,Kings XI Punjab,CH Gayle,2015-05-06,1
829761,1,0.1,0,1,Kolkata Knight Riders,Delhi Daredevils,RV Uthappa,G Gambhir,Z Khan,0,1,1.0,,,,,,,2015-05-07,2015,Kolkata,Eden Gardens,Kolkata Knight Riders,Kolkata Knight Riders,Delhi Daredevils,Kolkata Knight Riders,PP Chawla,2015-05-07,1
829787,1,0.1,0,1,Sunrisers Hyderabad,Rajasthan Royals,S Dhawan,DA Warner,DJ Hooda,0,0,,,,,,,,2015-05-07,2015,Mumbai,Brabourne Stadium,Sunrisers Hyderabad,Rajasthan Royals,Sunrisers Hyderabad,Rajasthan Royals,EJG Morgan,2015-05-07,1
829789,1,0.1,0,1,Chennai Super Kings,Mumbai Indians,DR Smith,BB McCullum,MJ McClenaghan,2,0,,,,,,,,2015-05-08,2015,Chennai,"MA Chidambaram Stadium, Chepauk",Mumbai Indians,Chennai Super Kings,Mumbai Indians,Chennai Super Kings,HH Pandya,2015-05-08,1
829791,1,0.1,0,1,Kings XI Punjab,Kolkata Knight Riders,M Vijay,M Vohra,UT Yadav,1,0,,,,,,,,2015-05-09,2015,Kolkata,Eden Gardens,Kolkata Knight Riders,Kolkata Knight Riders,Kings XI Punjab,Kings XI Punjab,AD Russell,2015-05-09,1
829793,1,0.1,0,1,Sunrisers Hyderabad,Delhi Daredevils,S Dhawan,DA Warner,J Yadav,1,0,,,,,,,,2015-05-09,2015,Raipur,Shaheed Veer Narayan Singh International Stadium,Sunrisers Hyderabad,Delhi Daredevils,Sunrisers Hyderabad,Sunrisers Hyderabad,MC Henriques,2015-05-09,1
829795,1,0.1,0,1,Royal Challengers Bangalore,Mumbai Indians,CH Gayle,V Kohli,MJ McClenaghan,0,0,,,,,,,,2015-05-10,2015,Mumbai,Wankhede Stadium,Royal Challengers Bangalore,Mumbai Indians,Royal Challengers Bangalore,Royal Challengers Bangalore,AB de Villiers,2015-05-10,1
829797,1,0.1,0,1,Chennai Super Kings,Rajasthan Royals,DR Smith,BB McCullum,CH Morris,0,0,,,,,,,,2015-05-10,2015,Chennai,"MA Chidambaram Stadium, Chepauk",Chennai Super Kings,Chennai Super Kings,Rajasthan Royals,Chennai Super Kings,RA Jadeja,2015-05-10,1
829799,1,0.1,0,1,Sunrisers Hyderabad,Kings XI Punjab,DA Warner,S Dhawan,Sandeep Sharma,0,0,,,,,,,,2015-05-11,2015,Hyderabad,"Rajiv Gandhi International Stadium, Uppal",Sunrisers Hyderabad,Sunrisers Hyderabad,Kings XI Punjab,Sunrisers Hyderabad,DA Warner,2015-05-11,1
829801,1,0.1,0,1,Chennai Super Kings,Delhi Daredevils,DR Smith,BB McCullum,S Nadeem,0,0,,,,,,,,2015-05-12,2015,Raipur,Shaheed Veer Narayan Singh International Stadium,Delhi Daredevils,Delhi Daredevils,Chennai Super Kings,Chennai Super Kings,Z Khan,2015-05-12,1
829803,1,0.1,0,1,Kings XI Punjab,Royal Challengers Bangalore,WP Saha,M Vohra,MA Starc,2,0,,,,,,,,2015-05-13,2015,Chandigarh,"Punjab Cricket Association Stadium, Mohali",Kings XI Punjab,Kings XI Punjab,Royal Challengers Bangalore,Royal Challengers Bangalore,AR Patel,2015-05-13,1
829805,1,0.1,0,1,Mumbai Indians,Kolkata Knight Riders,LMP Simmons,PA Patel,UT Yadav,0,0,,,,,,,,2015-05-14,2015,Mumbai,Wankhede Stadium,Mumbai Indians,Mumbai Indians,Kolkata Knight Riders,Kolkata Knight Riders,HH Pandya,2015-05-14,1
829807,1,0.1,0,1,Sunrisers Hyderabad,Royal Challengers Bangalore,DA Warner,S Dhawan,MA Starc,0,0,,,,,,,,2015-05-15,2015,Hyderabad,"Rajiv Gandhi International Stadium, Uppal",Royal Challengers Bangalore,Sunrisers Hyderabad,Royal Challengers Bangalore,Sunrisers Hyderabad,V Kohli,2015-05-15,1
829809,1,0.1,0,1,Kings XI Punjab,Chennai Super Kings,WP Saha,M Vohra,P Negi,0,0,,,,,,,,2015-05-16,2015,Chandigarh,"Punjab Cricket Association Stadium, Mohali",Chennai Super Kings,Kings XI Punjab,Chennai Super Kings,Kings XI Punjab,P Negi,2015-05-16,1
829811,1,0.1,0,1,Rajasthan Royals,Kolkata Knight Riders,AM Rahane,SR Watson,Azhar Mahmood,1,0,,,,,,,,2015-05-16,2015,Mumbai,Brabourne Stadium,Rajasthan Royals,Rajasthan Royals,Kolkata Knight Riders,Rajasthan Royals,SR Watson,2015-05-16,1
829815,1,0.1,0,1,Sunrisers Hyderabad,Mumbai Indians,DA Warner,S Dhawan,SL Malinga,1,0,,,,,,,,2015-05-17,2015,Hyderabad,"Rajiv Gandhi International Stadium, Uppal",Mumbai Indians,Sunrisers Hyderabad,Mumbai Indians,Sunrisers Hyderabad,MJ McClenaghan,2015-05-17,1
829817,1,0.1,0,1,Mumbai Indians,Chennai Super Kings,LMP Simmons,PA Patel,R Ashwin,1,0,,,,,,,,2015-05-19,2015,Mumbai,Wankhede Stadium,Mumbai Indians,Chennai Super Kings,Mumbai Indians,Mumbai Indians,KA Pollard,2015-05-19,1
829819,1,0.1,0,1,Royal Challengers Bangalore,Rajasthan Royals,CH Gayle,V Kohli,CH Morris,0,0,,,,,,,,2015-05-20,2015,Pune,Maharashtra Cricket Association Stadium,Royal Challengers Bangalore,Royal Challengers Bangalore,Rajasthan Royals,Royal Challengers Bangalore,AB de Villiers,2015-05-20,1
829821,1,0.1,0,1,Royal Challengers Bangalore,Chennai Super Kings,CH Gayle,V Kohli,A Nehra,0,0,,,,,,,,2015-05-22,2015,Ranchi,JSCA International Stadium Complex,Chennai Super Kings,Chennai Super Kings,Royal Challengers Bangalore,Chennai Super Kings,A Nehra,2015-05-22,1
829823,1,0.1,0,1,Mumbai Indians,Chennai Super Kings,LMP Simmons,PA Patel,A Nehra,0,0,,,,,,,,2015-05-24,2015,Kolkata,Eden Gardens,Mumbai Indians,Mumbai Indians,Chennai Super Kings,Chennai Super Kings,RG Sharma,2015-05-24,1
980901,1,0.1,0,1,Mumbai Indians,Rising Pune Supergiants,LMP Simmons,RG Sharma,RP Singh,1,0,,,,,,,,2016-04-09,2016,Mumbai,Wankhede Stadium,Rising Pune Supergiants,Mumbai Indians,Rising Pune Supergiants,Mumbai Indians,AM Rahane,2016-04-09,1
980903,1,0.1,0,1,Delhi Daredevils,Kolkata Knight Riders,MA Agarwal,Q de Kock,AD Russell,4,0,,,,,,,,2016-04-10,2016,Kolkata,Eden Gardens,Kolkata Knight Riders,Kolkata Knight Riders,Delhi Daredevils,Kolkata Knight Riders,AD Russell,2016-04-10,1
980905,1,0.1,0,1,Kings XI Punjab,Gujarat Lions,M Vijay,M Vohra,P Kumar,1,0,,,,,,,,2016-04-11,2016,Chandigarh,"Punjab Cricket Association IS Bindra Stadium, Mohali",Gujarat Lions,Kings XI Punjab,Gujarat Lions,Gujarat Lions,AJ Finch,2016-04-11,1
980907,1,0.1,0,1,Royal Challengers Bangalore,Sunrisers Hyderabad,CH Gayle,V Kohli,A Nehra,0,0,,,,,,,,2016-04-12,2016,Bangalore,M Chinnaswamy Stadium,Royal Challengers Bangalore,Royal Challengers Bangalore,Sunrisers Hyderabad,Sunrisers Hyderabad,AB de Villiers,2016-04-12,1
980909,1,0.1,0,1,Kolkata Knight Riders,Mumbai Indians,RV Uthappa,G Gambhir,TG Southee,1,0,,,,,,,,2016-04-13,2016,Kolkata,Eden Gardens,Mumbai Indians,Kolkata Knight Riders,Mumbai Indians,Mumbai Indians,RG Sharma,2016-04-13,1
980911,1,0.1,0,1,Rising Pune Supergiants,Gujarat Lions,AM Rahane,F du Plessis,P Kumar,0,0,,,,,,,,2016-04-14,2016,Rajkot,Saurashtra Cricket Association Stadium,Gujarat Lions,Gujarat Lions,Rising Pune Supergiants,Rising Pune Supergiants,AJ Finch,2016-04-14,1
980913,1,0.1,0,1,Kings XI Punjab,Delhi Daredevils,M Vijay,M Vohra,Z Khan,0,0,,,,,,,,2016-04-15,2016,Delhi,Feroz Shah Kotla,Delhi Daredevils,Delhi Daredevils,Kings XI Punjab,Delhi Daredevils,A Mishra,2016-04-15,1
980915,1,0.1,0,1,Sunrisers Hyderabad,Kolkata Knight Riders,DA Warner,S Dhawan,M Morkel,2,0,,,,,,,,2016-04-16,2016,Hyderabad,"Rajiv Gandhi International Stadium, Uppal",Kolkata Knight Riders,Sunrisers Hyderabad,Kolkata Knight Riders,Sunrisers Hyderabad,G Gambhir,2016-04-16,1
980917,1,0.1,0,1,Mumbai Indians,Gujarat Lions,RG Sharma,PA Patel,P Kumar,0,0,,,,,,,,2016-04-16,2016,Mumbai,Wankhede Stadium,Gujarat Lions,Mumbai Indians,Gujarat Lions,Gujarat Lions,AJ Finch,2016-04-16,1
980919,1,0.1,0,1,Rising Pune Supergiants,Kings XI Punjab,AM Rahane,F du Plessis,Sandeep Sharma,0,0,,,,,,,,2016-04-17,2016,Chandigarh,"Punjab Cricket Association IS Bindra Stadium, Mohali",Kings XI Punjab,Kings XI Punjab,Rising Pune Supergiants,Rising Pune Supergiants,M Vohra,2016-04-17,1
980921,1,0.1,0,1,Royal Challengers Bangalore,Delhi Daredevils,CH Gayle,V Kohli,Z Khan,0,0,,,,,,,,2016-04-17,2016,Bangalore,M Chinnaswamy Stadium,Delhi Daredevils,Royal Challengers Bangalore,Delhi Daredevils,Delhi Daredevils,Q de Kock,2016-04-17,1
980923,1,0.1,0,1,Mumbai Indians,Sunrisers Hyderabad,MJ Guptill,PA Patel,B Kumar,0,0,,,,,,,,2016-04-18,2016,Hyderabad,"Rajiv Gandhi International Stadium, Uppal",Sunrisers Hyderabad,Sunrisers Hyderabad,Mumbai Indians,Sunrisers Hyderabad,DA Warner,2016-04-18,1
980925,1,0.1,0,1,Kings XI Punjab,Kolkata Knight Riders,M Vijay,M Vohra,M Morkel,0,0,,,,,,,,2016-04-19,2016,Chandigarh,"Punjab Cricket Association IS Bindra Stadium, Mohali",Kolkata Knight Riders,Kings XI Punjab,Kolkata Knight Riders,Kolkata Knight Riders,RV Uthappa,2016-04-19,1
980927,1,0.1,0,1,Royal Challengers Bangalore,Mumbai Indians,V Kohli,KL Rahul,TG Southee,1,0,,,,,,,,2016-04-20,2016,Mumbai,Wankhede Stadium,Mumbai Indians,Mumbai Indians,Royal Challengers Bangalore,Mumbai Indians,RG Sharma,2016-04-20,1
980929,1,0.1,0,1,Gujarat Lions,Sunrisers Hyderabad,AJ Finch,BB McCullum,B Kumar,0,0,,,,,,,,2016-04-21,2016,Rajkot,Saurashtra Cricket Association Stadium,Sunrisers Hyderabad,Gujarat Lions,Sunrisers Hyderabad,Sunrisers Hyderabad,B Kumar,2016-04-21,1
980931,1,0.1,0,1,Royal Challengers Bangalore,Rising Pune Supergiants,V Kohli,KL Rahul,I Sharma,0,1,1.0,,,,,,,2016-04-22,2016,Pune,Maharashtra Cricket Association Stadium,Royal Challengers Bangalore,Rising Pune Supergiants,Royal Challengers Bangalore,Rising Pune Supergiants,AB de Villiers,2016-04-22,1
980933,1,0.1,0,1,Delhi Daredevils,Mumbai Indians,Q de Kock,SS Iyer,TG Southee,4,0,,,,,,,,2016-04-23,2016,Delhi,Feroz Shah Kotla,Delhi Daredevils,Delhi Daredevils,Mumbai Indians,Mumbai Indians,SV Samson,2016-04-23,1
980935,1,0.1,0,1,Kings XI Punjab,Sunrisers Hyderabad,M Vijay,M Vohra,B Kumar,1,0,,,,,,,,2016-04-23,2016,Hyderabad,"Rajiv Gandhi International Stadium, Uppal",Sunrisers Hyderabad,Sunrisers Hyderabad,Kings XI Punjab,Sunrisers Hyderabad,Mustafizur Rahman,2016-04-23,1
980937,1,0.1,0,1,Royal Challengers Bangalore,Gujarat Lions,V Kohli,SR Watson,P Kumar,0,0,,,,,,,,2016-04-24,2016,Rajkot,Saurashtra Cricket Association Stadium,Gujarat Lions,Gujarat Lions,Royal Challengers Bangalore,Royal Challengers Bangalore,V Kohli,2016-04-24,1
980939,1,0.1,0,1,Rising Pune Supergiants,Kolkata Knight Riders,AM Rahane,F du Plessis,M Morkel,0,0,,,,,,,,2016-04-24,2016,Pune,Maharashtra Cricket Association Stadium,Kolkata Knight Riders,Rising Pune Supergiants,Kolkata Knight Riders,Kolkata Knight Riders,SA Yadav,2016-04-24,1
980941,1,0.1,0,1,Mumbai Indians,Kings XI Punjab,RG Sharma,PA Patel,Sandeep Sharma,0,0,,,,,,,,2016-04-25,2016,Chandigarh,"Punjab Cricket Association IS Bindra Stadium, Mohali",Mumbai Indians,Kings XI Punjab,Mumbai Indians,Kings XI Punjab,PA Patel,2016-04-25,1
980943,1,0.1,0,1,Sunrisers Hyderabad,Rising Pune Supergiants,DA Warner,S Dhawan,AB Dinda,0,0,,,,,,,,2016-04-26,2016,Hyderabad,"Rajiv Gandhi International Stadium, Uppal",Rising Pune Supergiants,Sunrisers Hyderabad,Rising Pune Supergiants,Rising Pune Supergiants,AB Dinda,2016-04-26,1
980945,1,0.1,0,1,Gujarat Lions,Delhi Daredevils,DR Smith,BB McCullum,Z Khan,4,0,,,,,,,,2016-04-27,2016,Delhi,Feroz Shah Kotla,Gujarat Lions,Delhi Daredevils,Gujarat Lions,Delhi Daredevils,CH Morris,2016-04-27,1
980947,1,0.1,0,1,Kolkata Knight Riders,Mumbai Indians,RV Uthappa,G Gambhir,TG Southee,1,0,,,,,,,,2016-04-28,2016,Mumbai,Wankhede Stadium,Mumbai Indians,Mumbai Indians,Kolkata Knight Riders,Mumbai Indians,RG Sharma,2016-04-28,1
980949,1,0.1,0,1,Rising Pune Supergiants,Gujarat Lions,AM Rahane,SS Tiwary,P Kumar,0,0,,,,,,,,2016-04-29,2016,Pune,Maharashtra Cricket Association Stadium,Gujarat Lions,Rising Pune Supergiants,Gujarat Lions,Gujarat Lions,DR Smith,2016-04-29,1
980951,1,0.1,0,1,Delhi Daredevils,Kolkata Knight Riders,Q de Kock,SS Iyer,AD Russell,0,0,,,,,,,,2016-04-30,2016,Delhi,Feroz Shah Kotla,Delhi Daredevils,Delhi Daredevils,Kolkata Knight Riders,Kolkata Knight Riders,CR Brathwaite,2016-04-30,1
980953,1,0.1,0,1,Sunrisers Hyderabad,Royal Challengers Bangalore,DA Warner,S Dhawan,KW Richardson,0,0,,,,,,,,2016-04-30,2016,Hyderabad,"Rajiv Gandhi International Stadium, Uppal",Sunrisers Hyderabad,Sunrisers Hyderabad,Royal Challengers Bangalore,Royal Challengers Bangalore,DA Warner,2016-04-30,1
980955,1,0.1,0,1,Kings XI Punjab,Gujarat Lions,M Vijay,MP Stoinis,P Kumar,0,0,,,,,,,,2016-05-01,2016,Rajkot,Saurashtra Cricket Association Stadium,Kings XI Punjab,Gujarat Lions,Kings XI Punjab,Gujarat Lions,AR Patel,2016-05-01,1
980957,1,0.1,0,1,Rising Pune Supergiants,Mumbai Indians,AM Rahane,SS Tiwary,TG Southee,1,0,,,,,,,,2016-05-01,2016,Pune,Maharashtra Cricket Association Stadium,Mumbai Indians,Rising Pune Supergiants,Mumbai Indians,Mumbai Indians,RG Sharma,2016-05-01,1
980959,1,0.1,0,1,Royal Challengers Bangalore,Kolkata Knight Riders,KL Rahul,CH Gayle,AD Russell,0,0,,,,,,,,2016-05-02,2016,Bangalore,M Chinnaswamy Stadium,Kolkata Knight Riders,Royal Challengers Bangalore,Kolkata Knight Riders,Kolkata Knight Riders,AD Russell,2016-05-02,1
980961,1,0.1,0,1,Gujarat Lions,Delhi Daredevils,DR Smith,BB McCullum,S Nadeem,0,0,,,,,,,,2016-05-03,2016,Rajkot,Saurashtra Cricket Association Stadium,Delhi Daredevils,Gujarat Lions,Delhi Daredevils,Delhi Daredevils,RR Pant,2016-05-03,1
980963,1,0.1,0,1,Kolkata Knight Riders,Kings XI Punjab,RV Uthappa,G Gambhir,Sandeep Sharma,0,0,,,,,,,,2016-05-04,2016,Kolkata,Eden Gardens,Kolkata Knight Riders,Kolkata Knight Riders,Kings XI Punjab,Kings XI Punjab,AD Russell,2016-05-04,1
980965,1,0.1,0,1,Delhi Daredevils,Rising Pune Supergiants,RR Pant,SV Samson,AB Dinda,0,0,,,,,,,,2016-05-05,2016,Delhi,Feroz Shah Kotla,Rising Pune Supergiants,Delhi Daredevils,Rising Pune Supergiants,Rising Pune Supergiants,AM Rahane,2016-05-05,1
980967,1,0.1,0,1,Gujarat Lions,Sunrisers Hyderabad,DR Smith,BB McCullum,B Kumar,0,0,,,,,,,,2016-05-06,2016,Hyderabad,"Rajiv Gandhi International Stadium, Uppal",Sunrisers Hyderabad,Sunrisers Hyderabad,Gujarat Lions,Sunrisers Hyderabad,B Kumar,2016-05-06,1
980969,1,0.1,0,1,Rising Pune Supergiants,Royal Challengers Bangalore,AM Rahane,UT Khawaja,STR Binny,0,0,,,,,,,,2016-05-07,2016,Bangalore,M Chinnaswamy Stadium,Royal Challengers Bangalore,Royal Challengers Bangalore,Rising Pune Supergiants,Royal Challengers Bangalore,V Kohli,2016-05-07,1
980971,1,0.1,0,1,Kings XI Punjab,Delhi Daredevils,M Vijay,MP Stoinis,S Nadeem,1,0,,,,,,,,2016-05-07,2016,Chandigarh,"Punjab Cricket Association IS Bindra Stadium, Mohali",Kings XI Punjab,Kings XI Punjab,Delhi Daredevils,Delhi Daredevils,MP Stoinis,2016-05-07,1
980973,1,0.1,0,1,Sunrisers Hyderabad,Mumbai Indians,DA Warner,S Dhawan,TG Southee,4,0,,,,,,,,2016-05-08,2016,Visakhapatnam,Dr. Y.S. Rajasekhara Reddy ACA-VDCA Cricket Stadium,Sunrisers Hyderabad,Mumbai Indians,Sunrisers Hyderabad,Mumbai Indians,A Nehra,2016-05-08,1
980975,1,0.1,0,1,Kolkata Knight Riders,Gujarat Lions,RV Uthappa,G Gambhir,P Kumar,0,0,,,,,,,,2016-05-08,2016,Kolkata,Eden Gardens,Gujarat Lions,Kolkata Knight Riders,Gujarat Lions,Gujarat Lions,P Kumar,2016-05-08,1
980977,1,0.1,0,1,Royal Challengers Bangalore,Kings XI Punjab,V Kohli,KL Rahul,Sandeep Sharma,0,0,,,,,,,,2016-05-09,2016,Chandigarh,"Punjab Cricket Association IS Bindra Stadium, Mohali",Royal Challengers Bangalore,Kings XI Punjab,Royal Challengers Bangalore,Kings XI Punjab,SR Watson,2016-05-09,1
980979,1,0.1,0,1,Sunrisers Hyderabad,Rising Pune Supergiants,DA Warner,S Dhawan,AB Dinda,0,0,,,,,,,,2016-05-10,2016,Visakhapatnam,Dr. Y.S. Rajasekhara Reddy ACA-VDCA Cricket Stadium,Sunrisers Hyderabad,Rising Pune Supergiants,Sunrisers Hyderabad,Sunrisers Hyderabad,A Zampa,2016-05-10,1
980981,1,0.1,0,1,Royal Challengers Bangalore,Mumbai Indians,V Kohli,CH Gayle,TG Southee,0,0,,,,,,,,2016-05-11,2016,Bangalore,M Chinnaswamy Stadium,Mumbai Indians,Royal Challengers Bangalore,Mumbai Indians,Mumbai Indians,KH Pandya,2016-05-11,1
980983,1,0.1,0,1,Sunrisers Hyderabad,Delhi Daredevils,DA Warner,S Dhawan,J Yadav,1,0,,,,,,,,2016-05-12,2016,Hyderabad,"Rajiv Gandhi International Stadium, Uppal",Delhi Daredevils,Sunrisers Hyderabad,Delhi Daredevils,Delhi Daredevils,CH Morris,2016-05-12,1
980985,1,0.1,0,1,Mumbai Indians,Kings XI Punjab,RG Sharma,UBT Chand,Sandeep Sharma,4,0,,,,,,,,2016-05-13,2016,Visakhapatnam,Dr. Y.S. Rajasekhara Reddy ACA-VDCA Cricket Stadium,Kings XI Punjab,Mumbai Indians,Kings XI Punjab,Mumbai Indians,MP Stoinis,2016-05-13,1
980987,1,0.1,0,1,Royal Challengers Bangalore,Gujarat Lions,CH Gayle,V Kohli,P Kumar,0,0,,,,,,,,2016-05-14,2016,Bangalore,M Chinnaswamy Stadium,Royal Challengers Bangalore,Royal Challengers Bangalore,Gujarat Lions,Gujarat Lions,AB de Villiers,2016-05-14,1
980989,1,0.1,0,1,Rising Pune Supergiants,Kolkata Knight Riders,AM Rahane,UT Khawaja,AD Russell,0,1,,,,1.0,,,,2016-05-14,2016,Kolkata,Eden Gardens,Kolkata Knight Riders,Kolkata Knight Riders,Rising Pune Supergiants,Rising Pune Supergiants,YK Pathan,2016-05-14,1
980991,1,0.1,0,1,Kings XI Punjab,Sunrisers Hyderabad,HM Amla,M Vijay,B Kumar,0,0,,,,,,,,2016-05-15,2016,Chandigarh,"Punjab Cricket Association IS Bindra Stadium, Mohali",Sunrisers Hyderabad,Kings XI Punjab,Sunrisers Hyderabad,Kings XI Punjab,HM Amla,2016-05-15,1
980993,1,0.1,0,1,Mumbai Indians,Delhi Daredevils,RG Sharma,MJ Guptill,S Nadeem,0,0,,,,,,,,2016-05-15,2016,Visakhapatnam,Dr. Y.S. Rajasekhara Reddy ACA-VDCA Cricket Stadium,Mumbai Indians,Mumbai Indians,Delhi Daredevils,Delhi Daredevils,KH Pandya,2016-05-15,1
980995,1,0.1,0,1,Kolkata Knight Riders,Royal Challengers Bangalore,RV Uthappa,G Gambhir,STR Binny,1,0,,,,,,,,2016-05-16,2016,Kolkata,Eden Gardens,Royal Challengers Bangalore,Kolkata Knight Riders,Royal Challengers Bangalore,Royal Challengers Bangalore,V Kohli,2016-05-16,1
980997,1,0.1,0,1,Delhi Daredevils,Rising Pune Supergiants,Q de Kock,SS Iyer,AB Dinda,0,0,,,,,,,,2016-05-17,2016,Visakhapatnam,Dr. Y.S. Rajasekhara Reddy ACA-VDCA Cricket Stadium,Rising Pune Supergiants,Rising Pune Supergiants,Delhi Daredevils,Rising Pune Supergiants,AB Dinda,2016-05-17,1
980999,1,0.1,0,1,Royal Challengers Bangalore,Kings XI Punjab,CH Gayle,V Kohli,Sandeep Sharma,0,0,,,,,,,,2016-05-18,2016,Bangalore,M Chinnaswamy Stadium,Royal Challengers Bangalore,Royal Challengers Bangalore,Kings XI Punjab,Kings XI Punjab,V Kohli,2016-05-18,1
981001,1,0.1,0,1,Kolkata Knight Riders,Gujarat Lions,RV Uthappa,G Gambhir,P Kumar,0,0,,,,,,,,2016-05-19,2016,Kanpur,Green Park,Gujarat Lions,Gujarat Lions,Kolkata Knight Riders,Gujarat Lions,DR Smith,2016-05-19,1
981003,1,0.1,0,1,Sunrisers Hyderabad,Delhi Daredevils,DA Warner,S Dhawan,Z Khan,0,0,,,,,,,,2016-05-20,2016,Raipur,Shaheed Veer Narayan Singh International Stadium,Delhi Daredevils,Delhi Daredevils,Sunrisers Hyderabad,Delhi Daredevils,KK Nair,2016-05-20,1
981005,1,0.1,0,1,Kings XI Punjab,Rising Pune Supergiants,HM Amla,M Vijay,IK Pathan,0,0,,,,,,,,2016-05-21,2016,Visakhapatnam,Dr. Y.S. Rajasekhara Reddy ACA-VDCA Cricket Stadium,Rising Pune Supergiants,Rising Pune Supergiants,Kings XI Punjab,Kings XI Punjab,MS Dhoni,2016-05-21,1
981007,1,0.1,0,1,Mumbai Indians,Gujarat Lions,RG Sharma,MJ Guptill,P Kumar,0,0,,,,,,,,2016-05-21,2016,Kanpur,Green Park,Gujarat Lions,Gujarat Lions,Mumbai Indians,Gujarat Lions,SK Raina,2016-05-21,1
981009,1,0.1,0,1,Kolkata Knight Riders,Sunrisers Hyderabad,RV Uthappa,G Gambhir,B Kumar,0,0,,,,,,,,2016-05-22,2016,Kolkata,Eden Gardens,Kolkata Knight Riders,Kolkata Knight Riders,Sunrisers Hyderabad,Sunrisers Hyderabad,YK Pathan,2016-05-22,1
981011,1,0.1,0,1,Delhi Daredevils,Royal Challengers Bangalore,Q de Kock,RR Pant,STR Binny,1,0,,,,,,,,2016-05-22,2016,Raipur,Shaheed Veer Narayan Singh International Stadium,Royal Challengers Bangalore,Delhi Daredevils,Royal Challengers Bangalore,Royal Challengers Bangalore,V Kohli,2016-05-22,1
981013,1,0.1,0,1,Gujarat Lions,Royal Challengers Bangalore,AJ Finch,BB McCullum,S Aravind,0,0,,,,,,,,2016-05-24,2016,Bangalore,M Chinnaswamy Stadium,Royal Challengers Bangalore,Gujarat Lions,Royal Challengers Bangalore,Royal Challengers Bangalore,AB de Villiers,2016-05-24,1
981015,1,0.1,0,1,Sunrisers Hyderabad,Kolkata Knight Riders,DA Warner,S Dhawan,YK Pathan,1,0,,,,,,,,2016-05-25,2016,Delhi,Feroz Shah Kotla,Sunrisers Hyderabad,Sunrisers Hyderabad,Kolkata Knight Riders,Kolkata Knight Riders,MC Henriques,2016-05-25,1
981017,1,0.1,0,1,Gujarat Lions,Sunrisers Hyderabad,ER Dwivedi,BB McCullum,B Kumar,1,0,,,,,,,,2016-05-27,2016,Delhi,Feroz Shah Kotla,Sunrisers Hyderabad,Gujarat Lions,Sunrisers Hyderabad,Sunrisers Hyderabad,DA Warner,2016-05-27,1
981019,1,0.1,0,1,Sunrisers Hyderabad,Royal Challengers Bangalore,DA Warner,S Dhawan,S Aravind,1,0,,,,,,,,2016-05-29,2016,Bangalore,M Chinnaswamy Stadium,Sunrisers Hyderabad,Royal Challengers Bangalore,Sunrisers Hyderabad,Sunrisers Hyderabad,BCJ Cutting,2016-05-29,1
1082591,1,0.1,0,1,Sunrisers Hyderabad,Royal Challengers Bangalore,DA Warner,S Dhawan,TS Mills,0,0,,,,,,,,2017-04-05,2017,Hyderabad,"Rajiv Gandhi International Stadium, Uppal",Sunrisers Hyderabad,Sunrisers Hyderabad,Royal Challengers Bangalore,Royal Challengers Bangalore,Yuvraj Singh,2017-04-05,1
1082592,1,0.1,0,1,Mumbai Indians,Rising Pune Supergiant,PA Patel,JC Buttler,AB Dinda,0,1,1.0,,,,,,,2017-04-06,2017,Pune,Maharashtra Cricket Association Stadium,Rising Pune Supergiant,Rising Pune Supergiant,Mumbai Indians,Rising Pune Supergiant,SPD Smith,2017-04-06,1
1082593,1,0.1,0,1,Gujarat Lions,Kolkata Knight Riders,JJ Roy,BB McCullum,TA Boult,0,0,,,,,,,,2017-04-07,2017,Rajkot,Saurashtra Cricket Association Stadium,Kolkata Knight Riders,Gujarat Lions,Kolkata Knight Riders,Kolkata Knight Riders,CA Lynn,2017-04-07,1
1082594,1,0.1,0,1,Rising Pune Supergiant,Kings XI Punjab,AM Rahane,MA Agarwal,Sandeep Sharma,1,0,,,,,,,,2017-04-08,2017,Indore,Holkar Cricket Stadium,Kings XI Punjab,Kings XI Punjab,Rising Pune Supergiant,Kings XI Punjab,GJ Maxwell,2017-04-08,1
1082595,1,0.1,0,1,Royal Challengers Bangalore,Delhi Daredevils,CH Gayle,SR Watson,Z Khan,1,0,,,,,,,,2017-04-08,2017,Bengaluru,M.Chinnaswamy Stadium,Royal Challengers Bangalore,Royal Challengers Bangalore,Delhi Daredevils,Royal Challengers Bangalore,KM Jadhav,2017-04-08,1
1082596,1,0.1,0,1,Gujarat Lions,Sunrisers Hyderabad,JJ Roy,BB McCullum,Bipul Sharma,0,0,,,,,,,,2017-04-09,2017,Hyderabad,"Rajiv Gandhi International Stadium, Uppal",Sunrisers Hyderabad,Sunrisers Hyderabad,Gujarat Lions,Sunrisers Hyderabad,Rashid Khan,2017-04-09,1
1082597,1,0.1,0,1,Kolkata Knight Riders,Mumbai Indians,G Gambhir,CA Lynn,SL Malinga,1,0,,,,,,,,2017-04-09,2017,Mumbai,Wankhede Stadium,Mumbai Indians,Mumbai Indians,Kolkata Knight Riders,Mumbai Indians,N Rana,2017-04-09,1
1082598,1,0.1,0,1,Royal Challengers Bangalore,Kings XI Punjab,SR Watson,Vishnu Vinod,AR Patel,1,0,,,,,,,,2017-04-10,2017,Indore,Holkar Cricket Stadium,Kings XI Punjab,Kings XI Punjab,Royal Challengers Bangalore,Royal Challengers Bangalore,AR Patel,2017-04-10,1
1082599,1,0.1,0,1,Delhi Daredevils,Rising Pune Supergiant,AP Tare,SW Billings,AB Dinda,0,0,,,,,,,,2017-04-11,2017,Pune,Maharashtra Cricket Association Stadium,Delhi Daredevils,Rising Pune Supergiant,Delhi Daredevils,Rising Pune Supergiant,SV Samson,2017-04-11,1
1082600,1,0.1,0,1,Sunrisers Hyderabad,Mumbai Indians,S Dhawan,DA Warner,Harbhajan Singh,0,0,,,,,,,,2017-04-12,2017,Mumbai,Wankhede Stadium,Mumbai Indians,Mumbai Indians,Sunrisers Hyderabad,Mumbai Indians,JJ Bumrah,2017-04-12,1
1082601,1,0.1,0,1,Kings XI Punjab,Kolkata Knight Riders,HM Amla,M Vohra,TA Boult,0,0,,,,,,,,2017-04-13,2017,Kolkata,Eden Gardens,Kolkata Knight Riders,Kolkata Knight Riders,Kings XI Punjab,Kolkata Knight Riders,SP Narine,2017-04-13,1
1082602,1,0.1,0,1,Royal Challengers Bangalore,Mumbai Indians,CH Gayle,V Kohli,TG Southee,1,0,,,,,,,,2017-04-14,2017,Bangalore,M Chinnaswamy Stadium,Mumbai Indians,Royal Challengers Bangalore,Mumbai Indians,Mumbai Indians,KA Pollard,2017-04-14,1
1082603,1,0.1,0,1,Rising Pune Supergiant,Gujarat Lions,AM Rahane,RA Tripathi,P Kumar,0,0,,,,,,,,2017-04-14,2017,Rajkot,Saurashtra Cricket Association Stadium,Gujarat Lions,Gujarat Lions,Rising Pune Supergiant,Gujarat Lions,AJ Tye,2017-04-14,1
1082604,1,0.1,0,1,Kolkata Knight Riders,Sunrisers Hyderabad,SP Narine,G Gambhir,B Kumar,1,0,,,,,,,,2017-04-15,2017,Kolkata,Eden Gardens,Kolkata Knight Riders,Kolkata Knight Riders,Sunrisers Hyderabad,Sunrisers Hyderabad,RV Uthappa,2017-04-15,1
1082605,1,0.1,0,1,Delhi Daredevils,Kings XI Punjab,SV Samson,SW Billings,Sandeep Sharma,0,0,,,,,,,,2017-04-15,2017,Delhi,Feroz Shah Kotla,Delhi Daredevils,Delhi Daredevils,Kings XI Punjab,Delhi Daredevils,CJ Anderson,2017-04-15,1
1082606,1,0.1,0,1,Gujarat Lions,Mumbai Indians,DR Smith,BB McCullum,MJ McClenaghan,0,1,1.0,,,,,,,2017-04-16,2017,Mumbai,Wankhede Stadium,Mumbai Indians,Mumbai Indians,Gujarat Lions,Mumbai Indians,N Rana,2017-04-16,1
1082607,1,0.1,0,1,Rising Pune Supergiant,Royal Challengers Bangalore,AM Rahane,RA Tripathi,AF Milne,0,0,,,,,,,,2017-04-16,2017,Bangalore,M Chinnaswamy Stadium,Rising Pune Supergiant,Royal Challengers Bangalore,Rising Pune Supergiant,Royal Challengers Bangalore,BA Stokes,2017-04-16,1
1082608,1,0.1,0,1,Delhi Daredevils,Kolkata Knight Riders,SV Samson,SW Billings,NM Coulter-Nile,0,0,,,,,,,,2017-04-17,2017,Delhi,Feroz Shah Kotla,Kolkata Knight Riders,Delhi Daredevils,Kolkata Knight Riders,Delhi Daredevils,NM Coulter-Nile,2017-04-17,1
1082609,1,0.1,0,1,Sunrisers Hyderabad,Kings XI Punjab,DA Warner,S Dhawan,Sandeep Sharma,0,0,,,,,,,,2017-04-17,2017,Hyderabad,"Rajiv Gandhi International Stadium, Uppal",Sunrisers Hyderabad,Sunrisers Hyderabad,Kings XI Punjab,Kings XI Punjab,B Kumar,2017-04-17,1
1082610,1,0.1,0,1,Royal Challengers Bangalore,Gujarat Lions,CH Gayle,V Kohli,DS Kulkarni,1,0,,,,,,,,2017-04-18,2017,Rajkot,Saurashtra Cricket Association Stadium,Royal Challengers Bangalore,Gujarat Lions,Royal Challengers Bangalore,Gujarat Lions,CH Gayle,2017-04-18,1
1082611,1,0.1,0,1,Sunrisers Hyderabad,Delhi Daredevils,DA Warner,S Dhawan,J Yadav,1,1,,1.0,,,,,,2017-04-19,2017,Hyderabad,"Rajiv Gandhi International Stadium, Uppal",Sunrisers Hyderabad,Sunrisers Hyderabad,Delhi Daredevils,Sunrisers Hyderabad,KS Williamson,2017-04-19,1
1082612,1,0.1,0,1,Kings XI Punjab,Mumbai Indians,HM Amla,SE Marsh,HH Pandya,1,0,,,,,,,,2017-04-20,2017,Indore,Holkar Cricket Stadium,Mumbai Indians,Kings XI Punjab,Mumbai Indians,Mumbai Indians,JC Buttler,2017-04-20,1
1082613,1,0.1,0,1,Kolkata Knight Riders,Gujarat Lions,SP Narine,G Gambhir,P Kumar,0,0,,,,,,,,2017-04-21,2017,Kolkata,Eden Gardens,Gujarat Lions,Kolkata Knight Riders,Gujarat Lions,Gujarat Lions,SK Raina,2017-04-21,1
1082614,1,0.1,0,1,Mumbai Indians,Delhi Daredevils,PA Patel,JC Buttler,K Rabada,0,1,,,,1.0,,,,2017-04-22,2017,Mumbai,Wankhede Stadium,Mumbai Indians,Mumbai Indians,Delhi Daredevils,Delhi Daredevils,MJ McClenaghan,2017-04-22,1
1082615,1,0.1,0,1,Sunrisers Hyderabad,Rising Pune Supergiant,DA Warner,S Dhawan,JD Unadkat,1,0,,,,,,,,2017-04-22,2017,Pune,Maharashtra Cricket Association Stadium,Rising Pune Supergiant,Rising Pune Supergiant,Sunrisers Hyderabad,Rising Pune Supergiant,MS Dhoni,2017-04-22,1
1082616,1,0.1,0,1,Kings XI Punjab,Gujarat Lions,M Vohra,HM Amla,SS Agarwal,1,0,,,,,,,,2017-04-23,2017,Rajkot,Saurashtra Cricket Association Stadium,Kings XI Punjab,Gujarat Lions,Kings XI Punjab,Gujarat Lions,HM Amla,2017-04-23,1
1082617,1,0.1,0,1,Kolkata Knight Riders,Royal Challengers Bangalore,SP Narine,G Gambhir,S Badree,0,0,,,,,,,,2017-04-23,2017,Kolkata,Eden Gardens,Kolkata Knight Riders,Kolkata Knight Riders,Royal Challengers Bangalore,Royal Challengers Bangalore,NM Coulter-Nile,2017-04-23,1
1082618,1,0.1,0,1,Rising Pune Supergiant,Mumbai Indians,AM Rahane,RA Tripathi,MG Johnson,1,0,,,,,,,,2017-04-24,2017,Mumbai,Wankhede Stadium,Rising Pune Supergiant,Mumbai Indians,Rising Pune Supergiant,Mumbai Indians,BA Stokes,2017-04-24,1
1082620,1,0.1,0,1,Rising Pune Supergiant,Kolkata Knight Riders,AM Rahane,RA Tripathi,UT Yadav,0,0,,,,,,,,2017-04-26,2017,Pune,Maharashtra Cricket Association Stadium,Kolkata Knight Riders,Rising Pune Supergiant,Kolkata Knight Riders,Kolkata Knight Riders,RV Uthappa,2017-04-26,1
1082621,1,0.1,0,1,Royal Challengers Bangalore,Gujarat Lions,CH Gayle,V Kohli,NB Singh,0,0,,,,,,,,2017-04-27,2017,Bangalore,M Chinnaswamy Stadium,Gujarat Lions,Royal Challengers Bangalore,Gujarat Lions,Gujarat Lions,AJ Tye,2017-04-27,1
1082622,1,0.1,0,1,Delhi Daredevils,Kolkata Knight Riders,SV Samson,KK Nair,NM Coulter-Nile,1,0,,,,,,,,2017-04-28,2017,Kolkata,Eden Gardens,Kolkata Knight Riders,Kolkata Knight Riders,Delhi Daredevils,Kolkata Knight Riders,G Gambhir,2017-04-28,1
1082623,1,0.1,0,1,Sunrisers Hyderabad,Kings XI Punjab,DA Warner,S Dhawan,I Sharma,0,0,,,,,,,,2017-04-28,2017,Chandigarh,"Punjab Cricket Association IS Bindra Stadium, Mohali",Sunrisers Hyderabad,Kings XI Punjab,Sunrisers Hyderabad,Kings XI Punjab,Rashid Khan,2017-04-28,1
1082624,1,0.1,0,1,Rising Pune Supergiant,Royal Challengers Bangalore,AM Rahane,RA Tripathi,AF Milne,0,0,,,,,,,,2017-04-29,2017,Pune,Maharashtra Cricket Association Stadium,Rising Pune Supergiant,Rising Pune Supergiant,Royal Challengers Bangalore,Royal Challengers Bangalore,LH Ferguson,2017-04-29,1
1082626,1,0.1,0,1,Delhi Daredevils,Kings XI Punjab,SV Samson,SW Billings,Sandeep Sharma,0,0,,,,,,,,2017-04-30,2017,Chandigarh,"Punjab Cricket Association IS Bindra Stadium, Mohali",Kings XI Punjab,Kings XI Punjab,Delhi Daredevils,Kings XI Punjab,Sandeep Sharma,2017-04-30,1
1082627,1,0.1,0,1,Sunrisers Hyderabad,Kolkata Knight Riders,DA Warner,S Dhawan,NM Coulter-Nile,0,0,,,,,,,,2017-04-30,2017,Hyderabad,"Rajiv Gandhi International Stadium, Uppal",Sunrisers Hyderabad,Sunrisers Hyderabad,Kolkata Knight Riders,Kolkata Knight Riders,DA Warner,2017-04-30,1
1082628,1,0.1,0,1,Royal Challengers Bangalore,Mumbai Indians,V Kohli,Mandeep Singh,MJ McClenaghan,1,0,,,,,,,,2017-05-01,2017,Mumbai,Wankhede Stadium,Mumbai Indians,Mumbai Indians,Royal Challengers Bangalore,Royal Challengers Bangalore,RG Sharma,2017-05-01,1
1082629,1,0.1,0,1,Gujarat Lions,Rising Pune Supergiant,Ishan Kishan,BB McCullum,JD Unadkat,0,1,,,,1.0,,,,2017-05-01,2017,Pune,Maharashtra Cricket Association Stadium,Rising Pune Supergiant,Rising Pune Supergiant,Gujarat Lions,Rising Pune Supergiant,BA Stokes,2017-05-01,1
1082630,1,0.1,0,1,Sunrisers Hyderabad,Delhi Daredevils,DA Warner,S Dhawan,J Yadav,0,0,,,,,,,,2017-05-02,2017,Delhi,Feroz Shah Kotla,Delhi Daredevils,Delhi Daredevils,Sunrisers Hyderabad,Delhi Daredevils,Mohammed Shami,2017-05-02,1
1082631,1,0.1,0,1,Kolkata Knight Riders,Rising Pune Supergiant,SP Narine,G Gambhir,JD Unadkat,0,0,,,,,,,,2017-05-03,2017,Kolkata,Eden Gardens,Rising Pune Supergiant,Kolkata Knight Riders,Rising Pune Supergiant,Rising Pune Supergiant,RA Tripathi,2017-05-03,1
1082632,1,0.1,0,1,Gujarat Lions,Delhi Daredevils,DR Smith,BB McCullum,S Nadeem,4,0,,,,,,,,2017-05-04,2017,Delhi,Feroz Shah Kotla,Delhi Daredevils,Delhi Daredevils,Gujarat Lions,Delhi Daredevils,RR Pant,2017-05-04,1
1082633,1,0.1,0,1,Kings XI Punjab,Royal Challengers Bangalore,HM Amla,MJ Guptill,A Choudhary,1,0,,,,,,,,2017-05-05,2017,Bangalore,M Chinnaswamy Stadium,Kings XI Punjab,Royal Challengers Bangalore,Kings XI Punjab,Royal Challengers Bangalore,Sandeep Sharma,2017-05-05,1
1082634,1,0.1,0,1,Rising Pune Supergiant,Sunrisers Hyderabad,AM Rahane,RA Tripathi,B Kumar,0,0,,,,,,,,2017-05-06,2017,Hyderabad,"Rajiv Gandhi International Stadium, Uppal",Rising Pune Supergiant,Sunrisers Hyderabad,Rising Pune Supergiant,Sunrisers Hyderabad,JD Unadkat,2017-05-06,1
1082635,1,0.1,0,1,Mumbai Indians,Delhi Daredevils,LMP Simmons,PA Patel,Z Khan,0,0,,,,,,,,2017-05-06,2017,Delhi,Feroz Shah Kotla,Mumbai Indians,Delhi Daredevils,Mumbai Indians,Delhi Daredevils,LMP Simmons,2017-05-06,1
1082636,1,0.1,0,1,Royal Challengers Bangalore,Kolkata Knight Riders,CH Gayle,Mandeep Singh,UT Yadav,0,0,,,,,,caught,CH Gayle,2017-05-07,2017,Bangalore,M Chinnaswamy Stadium,Kolkata Knight Riders,Royal Challengers Bangalore,Kolkata Knight Riders,Kolkata Knight Riders,SP Narine,2017-05-07,1
1082637,1,0.1,0,1,Kings XI Punjab,Gujarat Lions,MJ Guptill,HM Amla,PJ Sangwan,2,0,,,,,,,,2017-05-07,2017,Chandigarh,"Punjab Cricket Association IS Bindra Stadium, Mohali",Gujarat Lions,Kings XI Punjab,Gujarat Lions,Gujarat Lions,DR Smith,2017-05-07,1
1082638,1,0.1,0,1,Mumbai Indians,Sunrisers Hyderabad,LMP Simmons,PA Patel,B Kumar,1,0,,,,,,,,2017-05-08,2017,Hyderabad,"Rajiv Gandhi International Stadium, Uppal",Sunrisers Hyderabad,Sunrisers Hyderabad,Mumbai Indians,Mumbai Indians,S Dhawan,2017-05-08,1
1082639,1,0.1,0,1,Kings XI Punjab,Kolkata Knight Riders,MJ Guptill,M Vohra,UT Yadav,2,0,,,,,,,,2017-05-09,2017,Chandigarh,"Punjab Cricket Association IS Bindra Stadium, Mohali",Kings XI Punjab,Kings XI Punjab,Kolkata Knight Riders,Kolkata Knight Riders,MM Sharma,2017-05-09,1
1082640,1,0.1,0,1,Gujarat Lions,Delhi Daredevils,DR Smith,Ishan Kishan,Z Khan,0,0,,,,,,,,2017-05-10,2017,Kanpur,Green Park,Delhi Daredevils,Gujarat Lions,Delhi Daredevils,Delhi Daredevils,SS Iyer,2017-05-10,1
1082641,1,0.1,0,1,Kings XI Punjab,Mumbai Indians,MJ Guptill,WP Saha,HH Pandya,4,0,,,,,,,,2017-05-11,2017,Mumbai,Wankhede Stadium,Kings XI Punjab,Mumbai Indians,Kings XI Punjab,Mumbai Indians,WP Saha,2017-05-11,1
1082642,1,0.1,0,1,Delhi Daredevils,Rising Pune Supergiant,SV Samson,KK Nair,JD Unadkat,0,0,,,,,,,,2017-05-12,2017,Delhi,Feroz Shah Kotla,Delhi Daredevils,Delhi Daredevils,Rising Pune Supergiant,Delhi Daredevils,KK Nair,2017-05-12,1
1082643,1,0.1,0,1,Gujarat Lions,Sunrisers Hyderabad,DR Smith,Ishan Kishan,B Kumar,0,0,,,,,,,,2017-05-13,2017,Kanpur,Green Park,Sunrisers Hyderabad,Gujarat Lions,Sunrisers Hyderabad,Sunrisers Hyderabad,Mohammed Siraj,2017-05-13,1
1082644,1,0.1,0,1,Mumbai Indians,Kolkata Knight Riders,SS Tiwary,LMP Simmons,TA Boult,0,1,1.0,,,,,,,2017-05-13,2017,Kolkata,Eden Gardens,Mumbai Indians,Kolkata Knight Riders,Mumbai Indians,Kolkata Knight Riders,AT Rayudu,2017-05-13,1
1082645,1,0.1,0,1,Kings XI Punjab,Rising Pune Supergiant,MJ Guptill,WP Saha,JD Unadkat,0,0,,,,,,caught,MJ Guptill,2017-05-14,2017,Pune,Maharashtra Cricket Association Stadium,Rising Pune Supergiant,Rising Pune Supergiant,Kings XI Punjab,Rising Pune Supergiant,JD Unadkat,2017-05-14,1
1082646,1,0.1,0,1,Royal Challengers Bangalore,Delhi Daredevils,CH Gayle,Vishnu Vinod,Z Khan,0,0,,,,,,,,2017-05-14,2017,Delhi,Feroz Shah Kotla,Royal Challengers Bangalore,Delhi Daredevils,Royal Challengers Bangalore,Royal Challengers Bangalore,HV Patel,2017-05-14,1
1082647,1,0.1,0,1,Rising Pune Supergiant,Mumbai Indians,AM Rahane,RA Tripathi,MJ McClenaghan,0,0,,,,,,,,2017-05-16,2017,Mumbai,Wankhede Stadium,Rising Pune Supergiant,Mumbai Indians,Rising Pune Supergiant,Mumbai Indians,Washington Sundar,2017-05-16,1
1082648,1,0.1,0,1,Sunrisers Hyderabad,Kolkata Knight Riders,DA Warner,S Dhawan,UT Yadav,0,0,,,,,,,,2017-05-17,2017,Bangalore,M Chinnaswamy Stadium,Kolkata Knight Riders,Sunrisers Hyderabad,Kolkata Knight Riders,Kolkata Knight Riders,NM Coulter-Nile,2017-05-17,1
1082649,1,0.1,0,1,Kolkata Knight Riders,Mumbai Indians,CA Lynn,SP Narine,MG Johnson,0,0,,,,,,,,2017-05-19,2017,Bangalore,M Chinnaswamy Stadium,Mumbai Indians,Mumbai Indians,Kolkata Knight Riders,Mumbai Indians,KV Sharma,2017-05-19,1
1082650,1,0.1,0,1,Mumbai Indians,Rising Pune Supergiant,LMP Simmons,PA Patel,JD Unadkat,0,0,,,,,,,,2017-05-21,2017,Hyderabad,"Rajiv Gandhi International Stadium, Uppal",Mumbai Indians,Mumbai Indians,Rising Pune Supergiant,Mumbai Indians,KH Pandya,2017-05-21,1
1136561,1,0.1,0,1,Mumbai Indians,Chennai Super Kings,RG Sharma,E Lewis,DL Chahar,0,0,,,,,,,,2018-04-07,2018,Mumbai,Wankhede Stadium,Chennai Super Kings,Mumbai Indians,Chennai Super Kings,Chennai Super Kings,DJ Bravo,2018-04-07,1
1136562,1,0.1,0,1,Delhi Daredevils,Kings XI Punjab,C Munro,G Gambhir,R Ashwin,1,0,,,,,,,,2018-04-08,2018,Chandigarh,Punjab Cricket Association IS Bindra Stadium,Kings XI Punjab,Delhi Daredevils,Kings XI Punjab,Kings XI Punjab,KL Rahul,2018-04-08,1
1136563,1,0.1,0,1,Royal Challengers Bangalore,Kolkata Knight Riders,BB McCullum,Q de Kock,R Vinay Kumar,4,0,,,,,,,,2018-04-08,2018,Kolkata,Eden Gardens,Kolkata Knight Riders,Royal Challengers Bangalore,Kolkata Knight Riders,Kolkata Knight Riders,SP Narine,2018-04-08,1
1136564,1,0.1,0,1,Rajasthan Royals,Sunrisers Hyderabad,AM Rahane,DJM Short,B Kumar,0,0,,,,,,,,2018-04-09,2018,Hyderabad,Rajiv Gandhi International Stadium,Sunrisers Hyderabad,Rajasthan Royals,Sunrisers Hyderabad,Sunrisers Hyderabad,S Dhawan,2018-04-09,1
1136565,1,0.1,0,1,Kolkata Knight Riders,Chennai Super Kings,CA Lynn,SP Narine,DL Chahar,0,0,,,,,,,,2018-04-10,2018,Chennai,MA Chidambaram Stadium,Chennai Super Kings,Kolkata Knight Riders,Chennai Super Kings,Chennai Super Kings,SW Billings,2018-04-10,1
1136566,1,0.1,0,1,Rajasthan Royals,Delhi Daredevils,AM Rahane,DJM Short,TA Boult,0,0,,,,,,,,2018-04-11,2018,Jaipur,Sawai Mansingh Stadium,Rajasthan Royals,Rajasthan Royals,Delhi Daredevils,Delhi Daredevils,SV Samson,2018-04-11,1
1136567,1,0.1,0,1,Mumbai Indians,Sunrisers Hyderabad,RG Sharma,E Lewis,Sandeep Sharma,0,0,,,,,,,,2018-04-12,2018,Hyderabad,Rajiv Gandhi International Stadium,Sunrisers Hyderabad,Mumbai Indians,Sunrisers Hyderabad,Sunrisers Hyderabad,Rashid Khan,2018-04-12,1
1136568,1,0.1,0,1,Kings XI Punjab,Royal Challengers Bangalore,KL Rahul,MA Agarwal,CR Woakes,0,0,,,,,,,,2018-04-13,2018,Bengaluru,M.Chinnaswamy Stadium,Royal Challengers Bangalore,Kings XI Punjab,Royal Challengers Bangalore,Royal Challengers Bangalore,UT Yadav,2018-04-13,1
1136569,1,0.1,0,1,Mumbai Indians,Delhi Daredevils,SA Yadav,E Lewis,TA Boult,2,0,,,,,,,,2018-04-14,2018,Mumbai,Wankhede Stadium,Delhi Daredevils,Mumbai Indians,Delhi Daredevils,Delhi Daredevils,JJ Roy,2018-04-14,1
1136570,1,0.1,0,1,Kolkata Knight Riders,Sunrisers Hyderabad,RV Uthappa,CA Lynn,B Kumar,0,0,,,,,,,,2018-04-14,2018,Kolkata,Eden Gardens,Sunrisers Hyderabad,Kolkata Knight Riders,Sunrisers Hyderabad,Sunrisers Hyderabad,B Stanlake,2018-04-14,1
1136571,1,0.1,0,1,Rajasthan Royals,Royal Challengers Bangalore,AM Rahane,DJM Short,Washington Sundar,0,0,,,,,,,,2018-04-15,2018,Bengaluru,M.Chinnaswamy Stadium,Rajasthan Royals,Rajasthan Royals,Royal Challengers Bangalore,Royal Challengers Bangalore,SV Samson,2018-04-15,1
1136572,1,0.1,0,1,Kings XI Punjab,Chennai Super Kings,KL Rahul,CH Gayle,DL Chahar,0,0,,,,,,,,2018-04-15,2018,Chandigarh,Punjab Cricket Association IS Bindra Stadium,Kings XI Punjab,Kings XI Punjab,Chennai Super Kings,Chennai Super Kings,CH Gayle,2018-04-15,1
1136573,1,0.1,0,1,Kolkata Knight Riders,Delhi Daredevils,CA Lynn,SP Narine,TA Boult,0,0,,,,,,,,2018-04-16,2018,Kolkata,Eden Gardens,Kolkata Knight Riders,Kolkata Knight Riders,Delhi Daredevils,Delhi Daredevils,N Rana,2018-04-16,1
1136574,1,0.1,0,1,Mumbai Indians,Royal Challengers Bangalore,SA Yadav,E Lewis,UT Yadav,0,0,,,,,,bowled,SA Yadav,2018-04-17,2018,Mumbai,Wankhede Stadium,Mumbai Indians,Mumbai Indians,Royal Challengers Bangalore,Royal Challengers Bangalore,RG Sharma,2018-04-17,1
1136575,1,0.1,0,1,Rajasthan Royals,Kolkata Knight Riders,AM Rahane,DJM Short,PP Chawla,1,0,,,,,,,,2018-04-18,2018,Jaipur,Sawai Mansingh Stadium,Kolkata Knight Riders,Rajasthan Royals,Kolkata Knight Riders,Kolkata Knight Riders,N Rana,2018-04-18,1
1136576,1,0.1,0,1,Kings XI Punjab,Sunrisers Hyderabad,KL Rahul,CH Gayle,B Kumar,0,0,,,,,,,,2018-04-19,2018,Chandigarh,Punjab Cricket Association IS Bindra Stadium,Kings XI Punjab,Kings XI Punjab,Sunrisers Hyderabad,Kings XI Punjab,CH Gayle,2018-04-19,1
1136577,1,0.1,0,1,Chennai Super Kings,Rajasthan Royals,SR Watson,AT Rayudu,STR Binny,0,1,,1.0,,,,,,2018-04-20,2018,Pune,Maharashtra Cricket Association Stadium,Chennai Super Kings,Chennai Super Kings,Rajasthan Royals,Rajasthan Royals,SR Watson,2018-04-20,1
1136578,1,0.1,0,1,Kolkata Knight Riders,Kings XI Punjab,CA Lynn,SP Narine,AS Rajpoot,1,0,,,,,,,,2018-04-21,2018,Kolkata,Eden Gardens,Kings XI Punjab,Kolkata Knight Riders,Kings XI Punjab,Kings XI Punjab,KL Rahul,2018-04-21,1
1136579,1,0.1,0,1,Delhi Daredevils,Royal Challengers Bangalore,JJ Roy,G Gambhir,UT Yadav,0,0,,,,,,,,2018-04-21,2018,Bengaluru,M.Chinnaswamy Stadium,Royal Challengers Bangalore,Delhi Daredevils,Royal Challengers Bangalore,Royal Challengers Bangalore,AB de Villiers,2018-04-21,1
1136580,1,0.1,0,1,Chennai Super Kings,Sunrisers Hyderabad,SR Watson,F du Plessis,B Kumar,0,0,,,,,,,,2018-04-22,2018,Hyderabad,Rajiv Gandhi International Stadium,Chennai Super Kings,Chennai Super Kings,Sunrisers Hyderabad,Sunrisers Hyderabad,AT Rayudu,2018-04-22,1
1136581,1,0.1,0,1,Mumbai Indians,Rajasthan Royals,SA Yadav,E Lewis,DS Kulkarni,0,0,,,,,,,,2018-04-22,2018,Jaipur,Sawai Mansingh Stadium,Rajasthan Royals,Mumbai Indians,Rajasthan Royals,Mumbai Indians,JC Archer,2018-04-22,1
1136582,1,0.1,0,1,Kings XI Punjab,Delhi Daredevils,KL Rahul,AJ Finch,TA Boult,0,0,,,,,,,,2018-04-23,2018,Delhi,Arun Jaitley Stadium,Kings XI Punjab,Kings XI Punjab,Delhi Daredevils,Delhi Daredevils,AS Rajpoot,2018-04-23,1
1136583,1,0.1,0,1,Sunrisers Hyderabad,Mumbai Indians,S Dhawan,KS Williamson,JJ Bumrah,0,0,,,,,,,,2018-04-24,2018,Mumbai,Wankhede Stadium,Sunrisers Hyderabad,Sunrisers Hyderabad,Mumbai Indians,Mumbai Indians,Rashid Khan,2018-04-24,1
1136584,1,0.1,0,1,Royal Challengers Bangalore,Chennai Super Kings,Q de Kock,V Kohli,DL Chahar,0,0,,,,,,,,2018-04-25,2018,Bengaluru,M.Chinnaswamy Stadium,Chennai Super Kings,Royal Challengers Bangalore,Chennai Super Kings,Chennai Super Kings,MS Dhoni,2018-04-25,1
1136585,1,0.1,0,1,Sunrisers Hyderabad,Kings XI Punjab,S Dhawan,KS Williamson,AS Rajpoot,1,0,,,,,,,,2018-04-26,2018,Hyderabad,Rajiv Gandhi International Stadium,Sunrisers Hyderabad,Sunrisers Hyderabad,Kings XI Punjab,Kings XI Punjab,AS Rajpoot,2018-04-26,1
1136586,1,0.1,0,1,Delhi Daredevils,Kolkata Knight Riders,PP Shaw,C Munro,PP Chawla,0,0,,,,,,,,2018-04-27,2018,Delhi,Arun Jaitley Stadium,Delhi Daredevils,Delhi Daredevils,Kolkata Knight Riders,Kolkata Knight Riders,SS Iyer,2018-04-27,1
1136587,1,0.1,0,1,Chennai Super Kings,Mumbai Indians,SR Watson,AT Rayudu,MJ McClenaghan,1,0,,,,,,,,2018-04-28,2018,Pune,Maharashtra Cricket Association Stadium,Mumbai Indians,Chennai Super Kings,Mumbai Indians,Mumbai Indians,RG Sharma,2018-04-28,1
1136588,1,0.1,0,1,Sunrisers Hyderabad,Rajasthan Royals,AD Hales,S Dhawan,K Gowtham,1,0,,,,,,,,2018-04-29,2018,Jaipur,Sawai Mansingh Stadium,Sunrisers Hyderabad,Sunrisers Hyderabad,Rajasthan Royals,Sunrisers Hyderabad,KS Williamson,2018-04-29,1
1136589,1,0.1,0,1,Royal Challengers Bangalore,Kolkata Knight Riders,Q de Kock,BB McCullum,PP Chawla,0,0,,,,,,,,2018-04-29,2018,Bengaluru,M.Chinnaswamy Stadium,Kolkata Knight Riders,Royal Challengers Bangalore,Kolkata Knight Riders,Kolkata Knight Riders,CA Lynn,2018-04-29,1
1136590,1,0.1,0,1,Chennai Super Kings,Delhi Daredevils,SR Watson,F du Plessis,TA Boult,0,0,,,,,,,,2018-04-30,2018,Pune,Maharashtra Cricket Association Stadium,Chennai Super Kings,Chennai Super Kings,Delhi Daredevils,Delhi Daredevils,SR Watson,2018-04-30,1
1136591,1,0.1,0,1,Royal Challengers Bangalore,Mumbai Indians,M Vohra,Q de Kock,JP Duminy,0,0,,,,,,,,2018-05-01,2018,Bengaluru,M.Chinnaswamy Stadium,Royal Challengers Bangalore,Royal Challengers Bangalore,Mumbai Indians,Mumbai Indians,TG Southee,2018-05-01,1
1136592,1,0.1,0,1,Delhi Daredevils,Rajasthan Royals,PP Shaw,C Munro,DS Kulkarni,0,0,,,,,,,,2018-05-02,2018,Delhi,Arun Jaitley Stadium,Delhi Daredevils,Delhi Daredevils,Rajasthan Royals,Rajasthan Royals,RR Pant,2018-05-02,1
1136593,1,0.1,0,1,Chennai Super Kings,Kolkata Knight Riders,SR Watson,F du Plessis,MG Johnson,0,0,,,,,,,,2018-05-03,2018,Kolkata,Eden Gardens,Kolkata Knight Riders,Chennai Super Kings,Kolkata Knight Riders,Kolkata Knight Riders,SP Narine,2018-05-03,1
1136594,1,0.1,0,1,Kings XI Punjab,Mumbai Indians,KL Rahul,CH Gayle,MJ McClenaghan,0,0,,,,,,,,2018-05-04,2018,Indore,Holkar Cricket Stadium,Mumbai Indians,Kings XI Punjab,Mumbai Indians,Mumbai Indians,SA Yadav,2018-05-04,1
1136595,1,0.1,0,1,Royal Challengers Bangalore,Chennai Super Kings,PA Patel,BB McCullum,DJ Willey,0,0,,,,,,,,2018-05-05,2018,Pune,Maharashtra Cricket Association Stadium,Chennai Super Kings,Royal Challengers Bangalore,Chennai Super Kings,Chennai Super Kings,RA Jadeja,2018-05-05,1
1136596,1,0.1,0,1,Delhi Daredevils,Sunrisers Hyderabad,PP Shaw,GJ Maxwell,B Kumar,0,0,,,,,,,,2018-05-05,2018,Hyderabad,Rajiv Gandhi International Stadium,Sunrisers Hyderabad,Delhi Daredevils,Sunrisers Hyderabad,Delhi Daredevils,Rashid Khan,2018-05-05,1
1136597,1,0.1,0,1,Mumbai Indians,Kolkata Knight Riders,SA Yadav,E Lewis,N Rana,1,0,,,,,,,,2018-05-06,2018,Mumbai,Wankhede Stadium,Mumbai Indians,Mumbai Indians,Kolkata Knight Riders,Kolkata Knight Riders,HH Pandya,2018-05-06,1
1136598,1,0.1,0,1,Rajasthan Royals,Kings XI Punjab,JC Buttler,DJM Short,R Ashwin,1,0,,,,,,,,2018-05-06,2018,Indore,Holkar Cricket Stadium,Kings XI Punjab,Rajasthan Royals,Kings XI Punjab,Kings XI Punjab,Mujeeb Ur Rahman,2018-05-06,1
1136599,1,0.1,0,1,Sunrisers Hyderabad,Royal Challengers Bangalore,AD Hales,S Dhawan,MM Ali,1,0,,,,,,,,2018-05-07,2018,Hyderabad,Rajiv Gandhi International Stadium,Sunrisers Hyderabad,Sunrisers Hyderabad,Royal Challengers Bangalore,Royal Challengers Bangalore,KS Williamson,2018-05-07,1
1136600,1,0.1,0,1,Rajasthan Royals,Kings XI Punjab,AM Rahane,JC Buttler,MP Stoinis,1,0,,,,,,,,2018-05-08,2018,Jaipur,Sawai Mansingh Stadium,Rajasthan Royals,Rajasthan Royals,Kings XI Punjab,Rajasthan Royals,JC Buttler,2018-05-08,1
1136601,1,0.1,0,1,Mumbai Indians,Kolkata Knight Riders,SA Yadav,E Lewis,AD Russell,0,0,,,,,,,,2018-05-09,2018,Kolkata,Eden Gardens,Mumbai Indians,Mumbai Indians,Kolkata Knight Riders,Kolkata Knight Riders,Ishan Kishan,2018-05-09,1
1136602,1,0.1,0,1,Delhi Daredevils,Sunrisers Hyderabad,PP Shaw,JJ Roy,B Kumar,0,0,,,,,,,,2018-05-10,2018,Delhi,Arun Jaitley Stadium,Sunrisers Hyderabad,Delhi Daredevils,Sunrisers Hyderabad,Delhi Daredevils,S Dhawan,2018-05-10,1
1136603,1,0.1,0,1,Chennai Super Kings,Rajasthan Royals,SR Watson,AT Rayudu,K Gowtham,1,0,,,,,,,,2018-05-11,2018,Jaipur,Sawai Mansingh Stadium,Rajasthan Royals,Chennai Super Kings,Rajasthan Royals,Chennai Super Kings,JC Buttler,2018-05-11,1
1136604,1,0.1,0,1,Kolkata Knight Riders,Kings XI Punjab,CA Lynn,SP Narine,MM Sharma,0,0,,,,,,,,2018-05-12,2018,Indore,Holkar Cricket Stadium,Kolkata Knight Riders,Kolkata Knight Riders,Kings XI Punjab,Kings XI Punjab,SP Narine,2018-05-12,1
1136605,1,0.1,0,1,Delhi Daredevils,Royal Challengers Bangalore,PP Shaw,JJ Roy,YS Chahal,0,0,,,,,,,,2018-05-12,2018,Delhi,Arun Jaitley Stadium,Royal Challengers Bangalore,Delhi Daredevils,Royal Challengers Bangalore,Royal Challengers Bangalore,AB de Villiers,2018-05-12,1
1136606,1,0.1,0,1,Sunrisers Hyderabad,Chennai Super Kings,S Dhawan,AD Hales,DL Chahar,1,0,,,,,,,,2018-05-13,2018,Pune,Maharashtra Cricket Association Stadium,Chennai Super Kings,Sunrisers Hyderabad,Chennai Super Kings,Chennai Super Kings,AT Rayudu,2018-05-13,1
1136607,1,0.1,0,1,Mumbai Indians,Rajasthan Royals,SA Yadav,E Lewis,K Gowtham,0,0,,,,,,,,2018-05-13,2018,Mumbai,Wankhede Stadium,Rajasthan Royals,Mumbai Indians,Rajasthan Royals,Rajasthan Royals,JC Buttler,2018-05-13,1
1136608,1,0.1,0,1,Kings XI Punjab,Royal Challengers Bangalore,KL Rahul,CH Gayle,UT Yadav,0,0,,,,,,,,2018-05-14,2018,Indore,Holkar Cricket Stadium,Royal Challengers Bangalore,Kings XI Punjab,Royal Challengers Bangalore,Royal Challengers Bangalore,UT Yadav,2018-05-14,1
1136609,1,0.1,0,1,Rajasthan Royals,Kolkata Knight Riders,RA Tripathi,JC Buttler,Shivam Mavi,1,0,,,,,,,,2018-05-15,2018,Kolkata,Eden Gardens,Kolkata Knight Riders,Rajasthan Royals,Kolkata Knight Riders,Kolkata Knight Riders,Kuldeep Yadav,2018-05-15,1
1136610,1,0.1,0,1,Mumbai Indians,Kings XI Punjab,SA Yadav,E Lewis,AS Rajpoot,1,0,,,,,,,,2018-05-16,2018,Mumbai,Wankhede Stadium,Mumbai Indians,Mumbai Indians,Kings XI Punjab,Kings XI Punjab,JJ Bumrah,2018-05-16,1
1136611,1,0.1,0,1,Royal Challengers Bangalore,Sunrisers Hyderabad,PA Patel,V Kohli,Sandeep Sharma,0,0,,,,,,,,2018-05-17,2018,Bengaluru,M.Chinnaswamy Stadium,Royal Challengers Bangalore,Royal Challengers Bangalore,Sunrisers Hyderabad,Sunrisers Hyderabad,AB de Villiers,2018-05-17,1
1136612,1,0.1,0,1,Delhi Daredevils,Chennai Super Kings,PP Shaw,SS Iyer,DL Chahar,0,1,1.0,,,,,,,2018-05-18,2018,Delhi,Arun Jaitley Stadium,Delhi Daredevils,Delhi Daredevils,Chennai Super Kings,Chennai Super Kings,HV Patel,2018-05-18,1
1136613,1,0.1,0,1,Rajasthan Royals,Royal Challengers Bangalore,RA Tripathi,JC Archer,YS Chahal,2,0,,,,,,,,2018-05-19,2018,Jaipur,Sawai Mansingh Stadium,Rajasthan Royals,Rajasthan Royals,Royal Challengers Bangalore,Rajasthan Royals,S Gopal,2018-05-19,1
1136614,1,0.1,0,1,Sunrisers Hyderabad,Kolkata Knight Riders,S Dhawan,SP Goswami,N Rana,4,0,,,,,,,,2018-05-19,2018,Hyderabad,Rajiv Gandhi International Stadium,Kolkata Knight Riders,Sunrisers Hyderabad,Kolkata Knight Riders,Sunrisers Hyderabad,CA Lynn,2018-05-19,1
1136615,1,0.1,0,1,Delhi Daredevils,Mumbai Indians,PP Shaw,GJ Maxwell,KH Pandya,1,0,,,,,,,,2018-05-20,2018,Delhi,Arun Jaitley Stadium,Delhi Daredevils,Delhi Daredevils,Mumbai Indians,Delhi Daredevils,A Mishra,2018-05-20,1
1136616,1,0.1,0,1,Kings XI Punjab,Chennai Super Kings,KL Rahul,CH Gayle,DL Chahar,0,0,,,,,,,,2018-05-20,2018,Pune,Maharashtra Cricket Association Stadium,Chennai Super Kings,Kings XI Punjab,Chennai Super Kings,Chennai Super Kings,L Ngidi,2018-05-20,1
1136617,1,0.1,0,1,Sunrisers Hyderabad,Chennai Super Kings,S Dhawan,SP Goswami,DL Chahar,0,0,,,,,,bowled,S Dhawan,2018-05-22,2018,Mumbai,Wankhede Stadium,Chennai Super Kings,Sunrisers Hyderabad,Chennai Super Kings,Chennai Super Kings,F du Plessis,2018-05-22,1
1136618,1,0.1,0,1,Kolkata Knight Riders,Rajasthan Royals,SP Narine,CA Lynn,K Gowtham,4,0,,,,,,,,2018-05-23,2018,Kolkata,Eden Gardens,Kolkata Knight Riders,Kolkata Knight Riders,Rajasthan Royals,Rajasthan Royals,AD Russell,2018-05-23,1
1136619,1,0.1,0,1,Sunrisers Hyderabad,Kolkata Knight Riders,WP Saha,S Dhawan,Shivam Mavi,0,1,1.0,,,,,,,2018-05-25,2018,Kolkata,Eden Gardens,Sunrisers Hyderabad,Sunrisers Hyderabad,Kolkata Knight Riders,Kolkata Knight Riders,Rashid Khan,2018-05-25,1
1136620,1,0.1,0,1,Sunrisers Hyderabad,Chennai Super Kings,SP Goswami,S Dhawan,DL Chahar,1,1,,1.0,,,,,,2018-05-27,2018,Mumbai,Wankhede Stadium,Chennai Super Kings,Sunrisers Hyderabad,Chennai Super Kings,Chennai Super Kings,SR Watson,2018-05-27,1
1175356,1,0.1,0,1,Royal Challengers Bangalore,Chennai Super Kings,V Kohli,PA Patel,DL Chahar,1,0,,,,,,,,2019-03-23,2019,Chennai,MA Chidambaram Stadium,Chennai Super Kings,Royal Challengers Bangalore,Chennai Super Kings,Chennai Super Kings,Harbhajan Singh,2019-03-23,1
1175357,1,0.1,0,1,Sunrisers Hyderabad,Kolkata Knight Riders,DA Warner,JM Bairstow,M Prasidh Krishna,0,0,,,,,,,,2019-03-24,2019,Kolkata,Eden Gardens,Kolkata Knight Riders,Sunrisers Hyderabad,Kolkata Knight Riders,Kolkata Knight Riders,AD Russell,2019-03-24,1
1175358,1,0.1,0,1,Delhi Capitals,Mumbai Indians,PP Shaw,S Dhawan,Rasikh Salam,1,1,,1.0,,,,,,2019-03-24,2019,Mumbai,Wankhede Stadium,Delhi Capitals,Delhi Capitals,Mumbai Indians,Mumbai Indians,RR Pant,2019-03-24,1
1175359,1,0.1,0,1,Kings XI Punjab,Rajasthan Royals,KL Rahul,CH Gayle,DS Kulkarni,0,0,,,,,,,,2019-03-25,2019,Jaipur,Sawai Mansingh Stadium,Kings XI Punjab,Kings XI Punjab,Rajasthan Royals,Rajasthan Royals,CH Gayle,2019-03-25,1
1175360,1,0.1,0,1,Delhi Capitals,Chennai Super Kings,PP Shaw,S Dhawan,DL Chahar,0,0,,,,,,,,2019-03-26,2019,Delhi,Arun Jaitley Stadium,Chennai Super Kings,Delhi Capitals,Chennai Super Kings,Delhi Capitals,SR Watson,2019-03-26,1
1175361,1,0.1,0,1,Kolkata Knight Riders,Kings XI Punjab,CA Lynn,SP Narine,Mohammed Shami,0,0,,,,,,,,2019-03-27,2019,Kolkata,Eden Gardens,Kolkata Knight Riders,Kolkata Knight Riders,Kings XI Punjab,Kings XI Punjab,AD Russell,2019-03-27,1
1175362,1,0.1,0,1,Mumbai Indians,Royal Challengers Bangalore,Q de Kock,RG Sharma,UT Yadav,0,0,,,,,,,,2019-03-28,2019,Bengaluru,M.Chinnaswamy Stadium,Mumbai Indians,Mumbai Indians,Royal Challengers Bangalore,Royal Challengers Bangalore,JJ Bumrah,2019-03-28,1
1175363,1,0.1,0,1,Rajasthan Royals,Sunrisers Hyderabad,AM Rahane,JC Buttler,B Kumar,0,0,,,,,,,,2019-03-29,2019,Hyderabad,Rajiv Gandhi International Stadium,Sunrisers Hyderabad,Rajasthan Royals,Sunrisers Hyderabad,Rajasthan Royals,Rashid Khan,2019-03-29,1
1175364,1,0.1,0,1,Mumbai Indians,Kings XI Punjab,RG Sharma,Q de Kock,R Ashwin,1,0,,,,,,,,2019-03-30,2019,Chandigarh,Punjab Cricket Association IS Bindra Stadium,Kings XI Punjab,Mumbai Indians,Kings XI Punjab,Kings XI Punjab,MA Agarwal,2019-03-30,1
1175366,1,0.1,0,1,Sunrisers Hyderabad,Royal Challengers Bangalore,JM Bairstow,DA Warner,MM Ali,0,0,,,,,,,,2019-03-31,2019,Hyderabad,Rajiv Gandhi International Stadium,Sunrisers Hyderabad,Sunrisers Hyderabad,Royal Challengers Bangalore,Royal Challengers Bangalore,JM Bairstow,2019-03-31,1
1175367,1,0.1,0,1,Chennai Super Kings,Rajasthan Royals,AT Rayudu,SR Watson,DS Kulkarni,0,0,,,,,,,,2019-03-31,2019,Chennai,MA Chidambaram Stadium,Chennai Super Kings,Chennai Super Kings,Rajasthan Royals,Rajasthan Royals,MS Dhoni,2019-03-31,1
1175368,1,0.1,0,1,Kings XI Punjab,Delhi Capitals,KL Rahul,SM Curran,K Rabada,0,0,,,,,,,,2019-04-01,2019,Chandigarh,Punjab Cricket Association IS Bindra Stadium,Kings XI Punjab,Kings XI Punjab,Delhi Capitals,Delhi Capitals,SM Curran,2019-04-01,1
1175369,1,0.1,0,1,Royal Challengers Bangalore,Rajasthan Royals,V Kohli,PA Patel,K Gowtham,2,0,,,,,,,,2019-04-02,2019,Jaipur,Sawai Mansingh Stadium,Rajasthan Royals,Royal Challengers Bangalore,Rajasthan Royals,Rajasthan Royals,S Gopal,2019-04-02,1
1175370,1,0.1,0,1,Mumbai Indians,Chennai Super Kings,Q de Kock,RG Sharma,DL Chahar,0,0,,,,,,,,2019-04-03,2019,Mumbai,Wankhede Stadium,Mumbai Indians,Mumbai Indians,Chennai Super Kings,Chennai Super Kings,HH Pandya,2019-04-03,1
1175371,1,0.1,0,1,Delhi Capitals,Sunrisers Hyderabad,PP Shaw,S Dhawan,B Kumar,4,0,,,,,,,,2019-04-04,2019,Delhi,Arun Jaitley Stadium,Sunrisers Hyderabad,Delhi Capitals,Sunrisers Hyderabad,Sunrisers Hyderabad,JM Bairstow,2019-04-04,1
1175372,1,0.1,0,1,Royal Challengers Bangalore,Kolkata Knight Riders,PA Patel,V Kohli,M Prasidh Krishna,0,0,,,,,,,,2019-04-05,2019,Bengaluru,M.Chinnaswamy Stadium,Kolkata Knight Riders,Royal Challengers Bangalore,Kolkata Knight Riders,Kolkata Knight Riders,AD Russell,2019-04-05,1
1178393,1,0.1,0,1,Chennai Super Kings,Kings XI Punjab,SR Watson,F du Plessis,Mohammed Shami,0,1,1.0,,,,,,,2019-04-06,2019,Chennai,MA Chidambaram Stadium,Chennai Super Kings,Chennai Super Kings,Kings XI Punjab,Chennai Super Kings,Harbhajan Singh,2019-04-06,1
1178394,1,0.1,0,1,Mumbai Indians,Sunrisers Hyderabad,RG Sharma,Q de Kock,B Kumar,0,0,,,,,,,,2019-04-06,2019,Hyderabad,Rajiv Gandhi International Stadium,Mumbai Indians,Mumbai Indians,Sunrisers Hyderabad,Sunrisers Hyderabad,AS Joseph,2019-04-06,1
1178395,1,0.1,0,1,Royal Challengers Bangalore,Delhi Capitals,PA Patel,V Kohli,I Sharma,0,0,,,,,,,,2019-04-07,2019,Bengaluru,M.Chinnaswamy Stadium,Delhi Capitals,Royal Challengers Bangalore,Delhi Capitals,Delhi Capitals,K Rabada,2019-04-07,1
1178396,1,0.1,0,1,Rajasthan Royals,Kolkata Knight Riders,AM Rahane,JC Buttler,PP Chawla,0,0,,,,,,,,2019-04-07,2019,Jaipur,Sawai Mansingh Stadium,Kolkata Knight Riders,Rajasthan Royals,Kolkata Knight Riders,Kolkata Knight Riders,HF Gurney,2019-04-07,1
1178397,1,0.1,0,1,Sunrisers Hyderabad,Kings XI Punjab,DA Warner,JM Bairstow,AS Rajpoot,0,1,1.0,,,,,,,2019-04-08,2019,Chandigarh,Punjab Cricket Association IS Bindra Stadium,Kings XI Punjab,Sunrisers Hyderabad,Kings XI Punjab,Kings XI Punjab,KL Rahul,2019-04-08,1
1178398,1,0.1,0,1,Kolkata Knight Riders,Chennai Super Kings,CA Lynn,SP Narine,DL Chahar,0,0,,,,,,,,2019-04-09,2019,Chennai,MA Chidambaram Stadium,Chennai Super Kings,Kolkata Knight Riders,Chennai Super Kings,Chennai Super Kings,DL Chahar,2019-04-09,1
1178399,1,0.1,0,1,Kings XI Punjab,Mumbai Indians,KL Rahul,CH Gayle,JP Behrendorff,0,0,,,,,,,,2019-04-10,2019,Mumbai,Wankhede Stadium,Mumbai Indians,Kings XI Punjab,Mumbai Indians,Mumbai Indians,KA Pollard,2019-04-10,1
1178400,1,0.1,0,1,Rajasthan Royals,Chennai Super Kings,AM Rahane,JC Buttler,DL Chahar,0,1,,,,1.0,,,,2019-04-11,2019,Jaipur,Sawai Mansingh Stadium,Chennai Super Kings,Rajasthan Royals,Chennai Super Kings,Chennai Super Kings,MS Dhoni,2019-04-11,1
1178401,1,0.1,0,1,Kolkata Knight Riders,Delhi Capitals,JL Denly,Shubman Gill,I Sharma,0,0,,,,,,bowled,JL Denly,2019-04-12,2019,Kolkata,Eden Gardens,Delhi Capitals,Kolkata Knight Riders,Delhi Capitals,Delhi Capitals,S Dhawan,2019-04-12,1
1178402,1,0.1,0,1,Mumbai Indians,Rajasthan Royals,RG Sharma,Q de Kock,K Gowtham,1,0,,,,,,,,2019-04-13,2019,Mumbai,Wankhede Stadium,Rajasthan Royals,Mumbai Indians,Rajasthan Royals,Rajasthan Royals,JC Buttler,2019-04-13,1
1178403,1,0.1,0,1,Kings XI Punjab,Royal Challengers Bangalore,KL Rahul,CH Gayle,UT Yadav,1,0,,,,,,,,2019-04-13,2019,Chandigarh,Punjab Cricket Association IS Bindra Stadium,Royal Challengers Bangalore,Kings XI Punjab,Royal Challengers Bangalore,Royal Challengers Bangalore,AB de Villiers,2019-04-13,1
1178404,1,0.1,0,1,Kolkata Knight Riders,Chennai Super Kings,CA Lynn,SP Narine,DL Chahar,0,0,,,,,,,,2019-04-14,2019,Kolkata,Eden Gardens,Chennai Super Kings,Kolkata Knight Riders,Chennai Super Kings,Chennai Super Kings,Imran Tahir,2019-04-14,1
1178405,1,0.1,0,1,Delhi Capitals,Sunrisers Hyderabad,PP Shaw,S Dhawan,B Kumar,3,0,,,,,,,,2019-04-14,2019,Hyderabad,Rajiv Gandhi International Stadium,Delhi Capitals,Delhi Capitals,Sunrisers Hyderabad,Sunrisers Hyderabad,KMA Paul,2019-04-14,1
1178406,1,0.1,0,1,Royal Challengers Bangalore,Mumbai Indians,PA Patel,V Kohli,JP Behrendorff,0,0,,,,,,,,2019-04-15,2019,Mumbai,Wankhede Stadium,Mumbai Indians,Royal Challengers Bangalore,Mumbai Indians,Mumbai Indians,SL Malinga,2019-04-15,1
1178407,1,0.1,0,1,Kings XI Punjab,Rajasthan Royals,KL Rahul,CH Gayle,DS Kulkarni,0,0,,,,,,,,2019-04-16,2019,Chandigarh,Punjab Cricket Association IS Bindra Stadium,Kings XI Punjab,Kings XI Punjab,Rajasthan Royals,Rajasthan Royals,R Ashwin,2019-04-16,1
1178408,1,0.1,0,1,Chennai Super Kings,Sunrisers Hyderabad,SR Watson,F du Plessis,B Kumar,0,0,,,,,,,,2019-04-17,2019,Hyderabad,Rajiv Gandhi International Stadium,Sunrisers Hyderabad,Chennai Super Kings,Sunrisers Hyderabad,Chennai Super Kings,DA Warner,2019-04-17,1
1178409,1,0.1,0,1,Mumbai Indians,Delhi Capitals,RG Sharma,Q de Kock,I Sharma,0,0,,,,,,,,2019-04-18,2019,Delhi,Arun Jaitley Stadium,Mumbai Indians,Mumbai Indians,Delhi Capitals,Mumbai Indians,HH Pandya,2019-04-18,1
1178410,1,0.1,0,1,Royal Challengers Bangalore,Kolkata Knight Riders,PA Patel,V Kohli,HF Gurney,0,0,,,,,,,,2019-04-19,2019,Kolkata,Eden Gardens,Royal Challengers Bangalore,Royal Challengers Bangalore,Kolkata Knight Riders,Kolkata Knight Riders,V Kohli,2019-04-19,1
1178411,1,0.1,0,1,Mumbai Indians,Rajasthan Royals,Q de Kock,RG Sharma,STR Binny,0,0,,,,,,,,2019-04-20,2019,Jaipur,Sawai Mansingh Stadium,Rajasthan Royals,Mumbai Indians,Rajasthan Royals,Rajasthan Royals,SPD Smith,2019-04-20,1
1178412,1,0.1,0,1,Kings XI Punjab,Delhi Capitals,KL Rahul,CH Gayle,I Sharma,1,0,,,,,,,,2019-04-20,2019,Delhi,Arun Jaitley Stadium,Delhi Capitals,Kings XI Punjab,Delhi Capitals,Delhi Capitals,SS Iyer,2019-04-20,1
1178413,1,0.1,0,1,Kolkata Knight Riders,Sunrisers Hyderabad,CA Lynn,SP Narine,B Kumar,0,1,1.0,,,,,,,2019-04-21,2019,Hyderabad,Rajiv Gandhi International Stadium,Sunrisers Hyderabad,Kolkata Knight Riders,Sunrisers Hyderabad,Sunrisers Hyderabad,KK Ahmed,2019-04-21,1
1178414,1,0.1,0,1,Royal Challengers Bangalore,Chennai Super Kings,PA Patel,V Kohli,DL Chahar,0,0,,,,,,,,2019-04-21,2019,Bengaluru,M.Chinnaswamy Stadium,Royal Challengers Bangalore,Royal Challengers Bangalore,Chennai Super Kings,Chennai Super Kings,PA Patel,2019-04-21,1
1178415,1,0.1,0,1,Rajasthan Royals,Delhi Capitals,AM Rahane,SV Samson,I Sharma,0,0,,,,,,,,2019-04-22,2019,Jaipur,Sawai Mansingh Stadium,Delhi Capitals,Rajasthan Royals,Delhi Capitals,Delhi Capitals,RR Pant,2019-04-22,1
1178416,1,0.1,0,1,Sunrisers Hyderabad,Chennai Super Kings,DA Warner,JM Bairstow,DL Chahar,0,0,,,,,,,,2019-04-23,2019,Chennai,MA Chidambaram Stadium,Chennai Super Kings,Sunrisers Hyderabad,Chennai Super Kings,Chennai Super Kings,SR Watson,2019-04-23,1
1178417,1,0.1,0,1,Royal Challengers Bangalore,Kings XI Punjab,PA Patel,V Kohli,AS Rajpoot,0,0,,,,,,,,2019-04-24,2019,Bengaluru,M.Chinnaswamy Stadium,Royal Challengers Bangalore,Royal Challengers Bangalore,Kings XI Punjab,Kings XI Punjab,AB de Villiers,2019-04-24,1
1178418,1,0.1,0,1,Kolkata Knight Riders,Rajasthan Royals,CA Lynn,Shubman Gill,VR Aaron,0,0,,,,,,,,2019-04-25,2019,Kolkata,Eden Gardens,Rajasthan Royals,Kolkata Knight Riders,Rajasthan Royals,Rajasthan Royals,VR Aaron,2019-04-25,1
1178419,1,0.1,0,1,Mumbai Indians,Chennai Super Kings,RG Sharma,Q de Kock,DL Chahar,4,0,,,,,,,,2019-04-26,2019,Chennai,MA Chidambaram Stadium,Mumbai Indians,Mumbai Indians,Chennai Super Kings,Chennai Super Kings,RG Sharma,2019-04-26,1
1178420,1,0.1,0,1,Sunrisers Hyderabad,Rajasthan Royals,DA Warner,KS Williamson,VR Aaron,5,0,,,,,,,,2019-04-27,2019,Jaipur,Sawai Mansingh Stadium,Rajasthan Royals,Sunrisers Hyderabad,Rajasthan Royals,Rajasthan Royals,JD Unadkat,2019-04-27,1
1178421,1,0.1,0,1,Delhi Capitals,Royal Challengers Bangalore,PP Shaw,S Dhawan,UT Yadav,0,0,,,,,,,,2019-04-28,2019,Delhi,Arun Jaitley Stadium,Delhi Capitals,Delhi Capitals,Royal Challengers Bangalore,Delhi Capitals,S Dhawan,2019-04-28,1
1178422,1,0.1,0,1,Kolkata Knight Riders,Mumbai Indians,Shubman Gill,CA Lynn,BB Sran,4,0,,,,,,,,2019-04-28,2019,Kolkata,Eden Gardens,Kolkata Knight Riders,Kolkata Knight Riders,Mumbai Indians,Mumbai Indians,AD Russell,2019-04-28,1
1178423,1,0.1,0,1,Sunrisers Hyderabad,Kings XI Punjab,DA Warner,WP Saha,Arshdeep Singh,0,0,,,,,,,,2019-04-29,2019,Hyderabad,Rajiv Gandhi International Stadium,Sunrisers Hyderabad,Sunrisers Hyderabad,Kings XI Punjab,Kings XI Punjab,DA Warner,2019-04-29,1
1178425,1,0.1,0,1,Chennai Super Kings,Delhi Capitals,F du Plessis,SR Watson,TA Boult,0,0,,,,,,,,2019-05-01,2019,Chennai,MA Chidambaram Stadium,Chennai Super Kings,Chennai Super Kings,Delhi Capitals,Delhi Capitals,MS Dhoni,2019-05-01,1
1178427,1,0.1,0,1,Kings XI Punjab,Kolkata Knight Riders,CH Gayle,KL Rahul,S Sandeep Warrier,0,0,,,,,,,,2019-05-03,2019,Chandigarh,Punjab Cricket Association IS Bindra Stadium,Kolkata Knight Riders,Kings XI Punjab,Kolkata Knight Riders,Kolkata Knight Riders,Shubman Gill,2019-05-03,1
1178428,1,0.1,0,1,Rajasthan Royals,Delhi Capitals,AM Rahane,LS Livingstone,TA Boult,1,0,,,,,,,,2019-05-04,2019,Delhi,Arun Jaitley Stadium,Delhi Capitals,Rajasthan Royals,Delhi Capitals,Rajasthan Royals,A Mishra,2019-05-04,1
1178429,1,0.1,0,1,Sunrisers Hyderabad,Royal Challengers Bangalore,WP Saha,MJ Guptill,UT Yadav,1,0,,,,,,,,2019-05-04,2019,Bengaluru,M.Chinnaswamy Stadium,Royal Challengers Bangalore,Sunrisers Hyderabad,Royal Challengers Bangalore,Royal Challengers Bangalore,SO Hetmyer,2019-05-04,1
1178430,1,0.1,0,1,Chennai Super Kings,Kings XI Punjab,F du Plessis,SR Watson,Harpreet Brar,1,0,,,,,,,,2019-05-05,2019,Chandigarh,Punjab Cricket Association IS Bindra Stadium,Kings XI Punjab,Chennai Super Kings,Kings XI Punjab,Kings XI Punjab,KL Rahul,2019-05-05,1
1178431,1,0.1,0,1,Kolkata Knight Riders,Mumbai Indians,Shubman Gill,CA Lynn,MJ McClenaghan,1,0,,,,,,,,2019-05-05,2019,Mumbai,Wankhede Stadium,Mumbai Indians,Kolkata Knight Riders,Mumbai Indians,Mumbai Indians,HH Pandya,2019-05-05,1
1181764,1,0.1,0,1,Chennai Super Kings,Mumbai Indians,F du Plessis,SR Watson,SL Malinga,0,0,,,,,,,,2019-05-07,2019,Chennai,MA Chidambaram Stadium,Mumbai Indians,Chennai Super Kings,Mumbai Indians,Chennai Super Kings,SA Yadav,2019-05-07,1
1181766,1,0.1,0,1,Sunrisers Hyderabad,Delhi Capitals,WP Saha,MJ Guptill,TA Boult,0,0,,,,,,,,2019-05-08,2019,Visakhapatnam,Dr. Y.S. Rajasekhara Reddy ACA-VDCA Cricket Stadium,Delhi Capitals,Sunrisers Hyderabad,Delhi Capitals,Delhi Capitals,RR Pant,2019-05-08,1
1181767,1,0.1,0,1,Delhi Capitals,Chennai Super Kings,PP Shaw,S Dhawan,DL Chahar,0,1,1.0,,,,,,,2019-05-10,2019,Visakhapatnam,Dr. Y.S. Rajasekhara Reddy ACA-VDCA Cricket Stadium,Chennai Super Kings,Delhi Capitals,Chennai Super Kings,Chennai Super Kings,F du Plessis,2019-05-10,1
1181768,1,0.1,0,1,Mumbai Indians,Chennai Super Kings,Q de Kock,RG Sharma,DL Chahar,1,0,,,,,,,,2019-05-12,2019,Hyderabad,Rajiv Gandhi International Stadium,Mumbai Indians,Mumbai Indians,Chennai Super Kings,Mumbai Indians,JJ Bumrah,2019-05-12,1
1216492,1,0.1,0,1,Mumbai Indians,Chennai Super Kings,RG Sharma,Q de Kock,DL Chahar,4,0,,,,,,,,2020-09-19,2020,Abu Dhabi,Sheikh Zayed Stadium,Chennai Super Kings,Mumbai Indians,Chennai Super Kings,Chennai Super Kings,AT Rayudu,2020-09-19,1
1216534,1,0.1,0,1,Royal Challengers Bangalore,Sunrisers Hyderabad,D Padikkal,AJ Finch,B Kumar,0,0,,,,,,,,2020-09-21,2020,,Dubai International Cricket Stadium,Royal Challengers Bangalore,Royal Challengers Bangalore,Sunrisers Hyderabad,Sunrisers Hyderabad,YS Chahal,2020-09-21,1
1216496,1,0.1,0,1,Rajasthan Royals,Chennai Super Kings,YBK Jaiswal,SPD Smith,DL Chahar,0,0,,,,,,,,2020-09-22,2020,,Sharjah Cricket Stadium,Rajasthan Royals,Rajasthan Royals,Chennai Super Kings,Chennai Super Kings,SV Samson,2020-09-22,1
1216508,1,0.1,0,1,Mumbai Indians,Kolkata Knight Riders,Q de Kock,RG Sharma,S Sandeep Warrier,1,0,,,,,,,,2020-09-23,2020,Abu Dhabi,Sheikh Zayed Stadium,Mumbai Indians,Mumbai Indians,Kolkata Knight Riders,Kolkata Knight Riders,RG Sharma,2020-09-23,1
1216510,1,0.1,0,1,Kings XI Punjab,Royal Challengers Bangalore,KL Rahul,MA Agarwal,UT Yadav,0,0,,,,,,,,2020-09-24,2020,,Dubai International Cricket Stadium,Kings XI Punjab,Kings XI Punjab,Royal Challengers Bangalore,Royal Challengers Bangalore,KL Rahul,2020-09-24,1
1216539,1,0.1,0,1,Delhi Capitals,Chennai Super Kings,PP Shaw,S Dhawan,DL Chahar,0,0,,,,,,,,2020-09-25,2020,,Dubai International Cricket Stadium,Delhi Capitals,Delhi Capitals,Chennai Super Kings,Chennai Super Kings,PP Shaw,2020-09-25,1
1216545,1,0.1,0,1,Sunrisers Hyderabad,Kolkata Knight Riders,DA Warner,JM Bairstow,SP Narine,2,0,,,,,,,,2020-09-26,2020,Abu Dhabi,Sheikh Zayed Stadium,Kolkata Knight Riders,Sunrisers Hyderabad,Kolkata Knight Riders,Sunrisers Hyderabad,Shubman Gill,2020-09-26,1
1216527,1,0.1,0,1,Kings XI Punjab,Rajasthan Royals,KL Rahul,MA Agarwal,JD Unadkat,1,0,,,,,,,,2020-09-27,2020,,Sharjah Cricket Stadium,Rajasthan Royals,Kings XI Punjab,Rajasthan Royals,Rajasthan Royals,SV Samson,2020-09-27,1
1216532,1,0.1,0,1,Sunrisers Hyderabad,Delhi Capitals,DA Warner,JM Bairstow,I Sharma,0,0,,,,,,,,2020-09-29,2020,Abu Dhabi,Sheikh Zayed Stadium,Sunrisers Hyderabad,Sunrisers Hyderabad,Delhi Capitals,Delhi Capitals,Rashid Khan,2020-09-29,1
1216504,1,0.1,0,1,Kolkata Knight Riders,Rajasthan Royals,Shubman Gill,SP Narine,JC Archer,0,0,,,,,,,,2020-09-30,2020,,Dubai International Cricket Stadium,Kolkata Knight Riders,Kolkata Knight Riders,Rajasthan Royals,Rajasthan Royals,Shivam Mavi,2020-09-30,1
1216503,1,0.1,0,1,Mumbai Indians,Kings XI Punjab,Q de Kock,RG Sharma,SS Cottrell,0,0,,,,,,,,2020-10-01,2020,Abu Dhabi,Sheikh Zayed Stadium,Mumbai Indians,Mumbai Indians,Kings XI Punjab,Kings XI Punjab,KA Pollard,2020-10-01,1
1216516,1,0.1,0,1,Sunrisers Hyderabad,Chennai Super Kings,DA Warner,JM Bairstow,DL Chahar,1,0,,,,,,,,2020-10-02,2020,,Dubai International Cricket Stadium,Sunrisers Hyderabad,Sunrisers Hyderabad,Chennai Super Kings,Sunrisers Hyderabad,PK Garg,2020-10-02,1
1216514,1,0.1,0,1,Rajasthan Royals,Royal Challengers Bangalore,JC Buttler,SPD Smith,I Udana,0,0,,,,,,,,2020-10-03,2020,Abu Dhabi,Sheikh Zayed Stadium,Royal Challengers Bangalore,Rajasthan Royals,Royal Challengers Bangalore,Rajasthan Royals,YS Chahal,2020-10-03,1
1216515,1,0.1,0,1,Delhi Capitals,Kolkata Knight Riders,PP Shaw,S Dhawan,PJ Cummins,1,0,,,,,,,,2020-10-03,2020,,Sharjah Cricket Stadium,Delhi Capitals,Delhi Capitals,Kolkata Knight Riders,Kolkata Knight Riders,SS Iyer,2020-10-03,1
1216513,1,0.1,0,1,Kings XI Punjab,Chennai Super Kings,KL Rahul,MA Agarwal,DL Chahar,2,0,,,,,,,,2020-10-04,2020,,Dubai International Cricket Stadium,Chennai Super Kings,Kings XI Punjab,Chennai Super Kings,Kings XI Punjab,SR Watson,2020-10-04,1
1216538,1,0.1,0,1,Mumbai Indians,Sunrisers Hyderabad,RG Sharma,Q de Kock,Sandeep Sharma,0,0,,,,,,,,2020-10-04,2020,,Sharjah Cricket Stadium,Mumbai Indians,Mumbai Indians,Sunrisers Hyderabad,Mumbai Indians,TA Boult,2020-10-04,1
1216519,1,0.1,0,1,Delhi Capitals,Royal Challengers Bangalore,PP Shaw,S Dhawan,I Udana,0,1,,,,1.0,,,,2020-10-05,2020,,Dubai International Cricket Stadium,Delhi Capitals,Delhi Capitals,Royal Challengers Bangalore,Royal Challengers Bangalore,AR Patel,2020-10-05,1
1216511,1,0.1,0,1,Mumbai Indians,Rajasthan Royals,Q de Kock,RG Sharma,AS Rajpoot,4,0,,,,,,,,2020-10-06,2020,Abu Dhabi,Sheikh Zayed Stadium,Mumbai Indians,Mumbai Indians,Rajasthan Royals,Mumbai Indians,SA Yadav,2020-10-06,1
1216501,1,0.1,0,1,Kolkata Knight Riders,Chennai Super Kings,RA Tripathi,Shubman Gill,DL Chahar,0,1,1.0,,,,,,,2020-10-07,2020,Abu Dhabi,Sheikh Zayed Stadium,Kolkata Knight Riders,Kolkata Knight Riders,Chennai Super Kings,Kolkata Knight Riders,RA Tripathi,2020-10-07,1
1216542,1,0.1,0,1,Sunrisers Hyderabad,Kings XI Punjab,DA Warner,JM Bairstow,SS Cottrell,0,0,,,,,,,,2020-10-08,2020,,Dubai International Cricket Stadium,Sunrisers Hyderabad,Sunrisers Hyderabad,Kings XI Punjab,Sunrisers Hyderabad,JM Bairstow,2020-10-08,1
1216500,1,0.1,0,1,Delhi Capitals,Rajasthan Royals,PP Shaw,S Dhawan,VR Aaron,0,0,,,,,,,,2020-10-09,2020,,Sharjah Cricket Stadium,Delhi Capitals,Delhi Capitals,Rajasthan Royals,Rajasthan Royals,R Ashwin,2020-10-09,1
1216523,1,0.1,0,1,Kolkata Knight Riders,Kings XI Punjab,RA Tripathi,Shubman Gill,Mohammed Shami,0,1,,,,1.0,,,,2020-10-10,2020,Abu Dhabi,Sheikh Zayed Stadium,Kolkata Knight Riders,Kolkata Knight Riders,Kings XI Punjab,Kolkata Knight Riders,KD Karthik,2020-10-10,1
1216525,1,0.1,0,1,Royal Challengers Bangalore,Chennai Super Kings,D Padikkal,AJ Finch,DL Chahar,0,0,,,,,,,,2020-10-10,2020,,Dubai International Cricket Stadium,Royal Challengers Bangalore,Royal Challengers Bangalore,Chennai Super Kings,Royal Challengers Bangalore,V Kohli,2020-10-10,1
1216507,1,0.1,0,1,Sunrisers Hyderabad,Rajasthan Royals,DA Warner,JM Bairstow,JC Archer,0,0,,,,,,,,2020-10-11,2020,,Dubai International Cricket Stadium,Rajasthan Royals,Sunrisers Hyderabad,Rajasthan Royals,Sunrisers Hyderabad,R Tewatia,2020-10-11,1
1216529,1,0.1,0,1,Delhi Capitals,Mumbai Indians,PP Shaw,S Dhawan,TA Boult,0,0,,,,,,,,2020-10-11,2020,Abu Dhabi,Sheikh Zayed Stadium,Mumbai Indians,Delhi Capitals,Mumbai Indians,Delhi Capitals,Q de Kock,2020-10-11,1
1216540,1,0.1,0,1,Royal Challengers Bangalore,Kolkata Knight Riders,AJ Finch,D Padikkal,PJ Cummins,0,0,,,,,,,,2020-10-12,2020,,Sharjah Cricket Stadium,Royal Challengers Bangalore,Royal Challengers Bangalore,Kolkata Knight Riders,Royal Challengers Bangalore,AB de Villiers,2020-10-12,1
1216528,1,0.1,0,1,Chennai Super Kings,Sunrisers Hyderabad,SM Curran,F du Plessis,Sandeep Sharma,0,0,,,,,,,,2020-10-13,2020,,Dubai International Cricket Stadium,Chennai Super Kings,Chennai Super Kings,Sunrisers Hyderabad,Chennai Super Kings,RA Jadeja,2020-10-13,1
1216543,1,0.1,0,1,Delhi Capitals,Rajasthan Royals,PP Shaw,S Dhawan,JC Archer,0,0,,,,,,bowled,PP Shaw,2020-10-14,2020,,Dubai International Cricket Stadium,Delhi Capitals,Delhi Capitals,Rajasthan Royals,Delhi Capitals,A Nortje,2020-10-14,1
1216531,1,0.1,0,1,Royal Challengers Bangalore,Kings XI Punjab,AJ Finch,D Padikkal,GJ Maxwell,1,0,,,,,,,,2020-10-15,2020,,Sharjah Cricket Stadium,Kings XI Punjab,Royal Challengers Bangalore,Kings XI Punjab,Royal Challengers Bangalore,KL Rahul,2020-10-15,1
1216526,1,0.1,0,1,Kolkata Knight Riders,Mumbai Indians,RA Tripathi,Shubman Gill,TA Boult,0,0,,,,,,,,2020-10-16,2020,Abu Dhabi,Sheikh Zayed Stadium,Mumbai Indians,Kolkata Knight Riders,Mumbai Indians,Kolkata Knight Riders,Q de Kock,2020-10-16,1
1216509,1,0.1,0,1,Chennai Super Kings,Delhi Capitals,SM Curran,F du Plessis,TU Deshpande,0,0,,,,,,,,2020-10-17,2020,,Sharjah Cricket Stadium,Delhi Capitals,Chennai Super Kings,Delhi Capitals,Chennai Super Kings,S Dhawan,2020-10-17,1
1216522,1,0.1,0,1,Rajasthan Royals,Royal Challengers Bangalore,RV Uthappa,BA Stokes,Washington Sundar,1,0,,,,,,,,2020-10-17,2020,,Dubai International Cricket Stadium,Royal Challengers Bangalore,Rajasthan Royals,Royal Challengers Bangalore,Rajasthan Royals,AB de Villiers,2020-10-17,1
1216533,1,0.1,0,1,Chennai Super Kings,Rajasthan Royals,SM Curran,F du Plessis,JC Archer,0,0,,,,,,,,2020-10-19,2020,Abu Dhabi,Sheikh Zayed Stadium,Rajasthan Royals,Chennai Super Kings,Rajasthan Royals,Chennai Super Kings,JC Buttler,2020-10-19,1
1216546,1,0.1,0,1,Delhi Capitals,Kings XI Punjab,PP Shaw,S Dhawan,GJ Maxwell,1,0,,,,,,,,2020-10-20,2020,,Dubai International Cricket Stadium,Kings XI Punjab,Delhi Capitals,Kings XI Punjab,Delhi Capitals,S Dhawan,2020-10-20,1
1216494,1,0.1,0,1,Kolkata Knight Riders,Royal Challengers Bangalore,Shubman Gill,RA Tripathi,CH Morris,0,0,,,,,,,,2020-10-21,2020,Abu Dhabi,Sheikh Zayed Stadium,Royal Challengers Bangalore,Kolkata Knight Riders,Royal Challengers Bangalore,Kolkata Knight Riders,Mohammed Siraj,2020-10-21,1
1216518,1,0.1,0,1,Rajasthan Royals,Sunrisers Hyderabad,RV Uthappa,BA Stokes,Sandeep Sharma,1,0,,,,,,,,2020-10-22,2020,,Dubai International Cricket Stadium,Sunrisers Hyderabad,Rajasthan Royals,Sunrisers Hyderabad,Sunrisers Hyderabad,MK Pandey,2020-10-22,1
1216521,1,0.1,0,1,Chennai Super Kings,Mumbai Indians,RD Gaikwad,F du Plessis,TA Boult,0,0,,,,,,,,2020-10-23,2020,,Sharjah Cricket Stadium,Mumbai Indians,Chennai Super Kings,Mumbai Indians,Mumbai Indians,TA Boult,2020-10-23,1
1216497,1,0.1,0,1,Kolkata Knight Riders,Delhi Capitals,Shubman Gill,N Rana,TU Deshpande,0,0,,,,,,,,2020-10-24,2020,Abu Dhabi,Sheikh Zayed Stadium,Kolkata Knight Riders,Kolkata Knight Riders,Delhi Capitals,Delhi Capitals,CV Varun,2020-10-24,1
1216498,1,0.1,0,1,Kings XI Punjab,Sunrisers Hyderabad,KL Rahul,Mandeep Singh,Sandeep Sharma,0,0,,,,,,,,2020-10-24,2020,,Dubai International Cricket Stadium,Kings XI Punjab,Kings XI Punjab,Sunrisers Hyderabad,Sunrisers Hyderabad,CJ Jordan,2020-10-24,1
1216541,1,0.1,0,1,Mumbai Indians,Rajasthan Royals,Ishan Kishan,Q de Kock,JC Archer,1,0,,,,,,,,2020-10-25,2020,Abu Dhabi,Sheikh Zayed Stadium,Rajasthan Royals,Mumbai Indians,Rajasthan Royals,Mumbai Indians,BA Stokes,2020-10-25,1
1216544,1,0.1,0,1,Royal Challengers Bangalore,Chennai Super Kings,D Padikkal,AJ Finch,DL Chahar,0,0,,,,,,,,2020-10-25,2020,,Dubai International Cricket Stadium,Chennai Super Kings,Royal Challengers Bangalore,Chennai Super Kings,Royal Challengers Bangalore,RD Gaikwad,2020-10-25,1
1216520,1,0.1,0,1,Kolkata Knight Riders,Kings XI Punjab,Shubman Gill,N Rana,GJ Maxwell,1,0,,,,,,,,2020-10-26,2020,,Sharjah Cricket Stadium,Kings XI Punjab,Kolkata Knight Riders,Kings XI Punjab,Kings XI Punjab,CH Gayle,2020-10-26,1
1216524,1,0.1,0,1,Sunrisers Hyderabad,Delhi Capitals,DA Warner,WP Saha,A Nortje,0,0,,,,,,,,2020-10-27,2020,,Dubai International Cricket Stadium,Sunrisers Hyderabad,Sunrisers Hyderabad,Delhi Capitals,Delhi Capitals,WP Saha,2020-10-27,1
1216499,1,0.1,0,1,Royal Challengers Bangalore,Mumbai Indians,JR Philippe,D Padikkal,TA Boult,0,0,,,,,,,,2020-10-28,2020,Abu Dhabi,Sheikh Zayed Stadium,Mumbai Indians,Royal Challengers Bangalore,Mumbai Indians,Mumbai Indians,SA Yadav,2020-10-28,1
1216536,1,0.1,0,1,Kolkata Knight Riders,Chennai Super Kings,Shubman Gill,N Rana,DL Chahar,4,0,,,,,,,,2020-10-29,2020,,Dubai International Cricket Stadium,Chennai Super Kings,Kolkata Knight Riders,Chennai Super Kings,Chennai Super Kings,RD Gaikwad,2020-10-29,1
1216537,1,0.1,0,1,Kings XI Punjab,Rajasthan Royals,KL Rahul,Mandeep Singh,JC Archer,0,0,,,,,,,,2020-10-30,2020,Abu Dhabi,Sheikh Zayed Stadium,Rajasthan Royals,Kings XI Punjab,Rajasthan Royals,Rajasthan Royals,BA Stokes,2020-10-30,1
1216502,1,0.1,0,1,Royal Challengers Bangalore,Sunrisers Hyderabad,JR Philippe,D Padikkal,Sandeep Sharma,0,0,,,,,,,,2020-10-31,2020,,Sharjah Cricket Stadium,Sunrisers Hyderabad,Royal Challengers Bangalore,Sunrisers Hyderabad,Sunrisers Hyderabad,Sandeep Sharma,2020-10-31,1
1216535,1,0.1,0,1,Delhi Capitals,Mumbai Indians,PP Shaw,S Dhawan,TA Boult,1,0,,,,,,,,2020-10-31,2020,,Dubai International Cricket Stadium,Mumbai Indians,Delhi Capitals,Mumbai Indians,Mumbai Indians,Ishan Kishan,2020-10-31,1
1216506,1,0.1,0,1,Kings XI Punjab,Chennai Super Kings,KL Rahul,MA Agarwal,DL Chahar,1,0,,,,,,,,2020-11-01,2020,Abu Dhabi,Sheikh Zayed Stadium,Chennai Super Kings,Kings XI Punjab,Chennai Super Kings,Chennai Super Kings,RD Gaikwad,2020-11-01,1
1216530,1,0.1,0,1,Kolkata Knight Riders,Rajasthan Royals,Shubman Gill,N Rana,JC Archer,1,0,,,,,,,,2020-11-01,2020,,Dubai International Cricket Stadium,Kolkata Knight Riders,Kolkata Knight Riders,Rajasthan Royals,Rajasthan Royals,PJ Cummins,2020-11-01,1
1216505,1,0.1,0,1,Royal Challengers Bangalore,Delhi Capitals,JR Philippe,D Padikkal,DR Sams,0,0,,,,,,,,2020-11-02,2020,Abu Dhabi,Sheikh Zayed Stadium,Delhi Capitals,Royal Challengers Bangalore,Delhi Capitals,Delhi Capitals,A Nortje,2020-11-02,1
1216495,1,0.1,0,1,Mumbai Indians,Sunrisers Hyderabad,RG Sharma,Q de Kock,Sandeep Sharma,0,0,,,,,,,,2020-11-03,2020,,Sharjah Cricket Stadium,Sunrisers Hyderabad,Mumbai Indians,Sunrisers Hyderabad,Sunrisers Hyderabad,S Nadeem,2020-11-03,1
1237177,1,0.1,0,1,Mumbai Indians,Delhi Capitals,Q de Kock,RG Sharma,DR Sams,4,0,,,,,,,,2020-11-05,2020,,Dubai International Cricket Stadium,Mumbai Indians,Mumbai Indians,Delhi Capitals,Delhi Capitals,JJ Bumrah,2020-11-05,1
1237178,1,0.1,0,1,Royal Challengers Bangalore,Sunrisers Hyderabad,V Kohli,D Padikkal,Sandeep Sharma,0,0,,,,,,,,2020-11-06,2020,Abu Dhabi,Sheikh Zayed Stadium,Sunrisers Hyderabad,Royal Challengers Bangalore,Sunrisers Hyderabad,Sunrisers Hyderabad,KS Williamson,2020-11-06,1
1237180,1,0.1,0,1,Delhi Capitals,Sunrisers Hyderabad,MP Stoinis,S Dhawan,Sandeep Sharma,0,0,,,,,,,,2020-11-08,2020,Abu Dhabi,Sheikh Zayed Stadium,Delhi Capitals,Delhi Capitals,Sunrisers Hyderabad,Delhi Capitals,MP Stoinis,2020-11-08,1
1237181,1,0.1,0,1,Delhi Capitals,Mumbai Indians,MP Stoinis,S Dhawan,TA Boult,0,0,,,,,,caught,MP Stoinis,2020-11-10,2020,,Dubai International Cricket Stadium,Mumbai Indians,Delhi Capitals,Mumbai Indians,Delhi Capitals,TA Boult,2020-11-10,1
1254058,1,0.1,0,1,Mumbai Indians,Royal Challengers Bangalore,RG Sharma,CA Lynn,Mohammed Siraj,2,0,,,,,,,,2021-04-09,2021,Chennai,"MA Chidambaram Stadium, Chepauk, Chennai",Royal Challengers Bangalore,Mumbai Indians,Royal Challengers Bangalore,Royal Challengers Bangalore,HV Patel,2021-04-09,1
1254059,1,0.1,0,1,Chennai Super Kings,Delhi Capitals,RD Gaikwad,F du Plessis,CR Woakes,0,0,,,,,,,,2021-04-10,2021,Mumbai,"Wankhede Stadium, Mumbai",Delhi Capitals,Chennai Super Kings,Delhi Capitals,Delhi Capitals,S Dhawan,2021-04-10,1
1254060,1,0.1,0,1,Kolkata Knight Riders,Sunrisers Hyderabad,N Rana,Shubman Gill,B Kumar,4,0,,,,,,,,2021-04-11,2021,Chennai,"MA Chidambaram Stadium, Chepauk, Chennai",Kolkata Knight Riders,Kolkata Knight Riders,Sunrisers Hyderabad,Sunrisers Hyderabad,N Rana,2021-04-11,1
1254061,1,0.1,0,1,Punjab Kings,Rajasthan Royals,KL Rahul,MA Agarwal,C Sakariya,0,0,,,,,,,,2021-04-12,2021,Mumbai,"Wankhede Stadium, Mumbai",Punjab Kings,Punjab Kings,Rajasthan Royals,Rajasthan Royals,SV Samson,2021-04-12,1
1254062,1,0.1,0,1,Mumbai Indians,Kolkata Knight Riders,RG Sharma,Q de Kock,Harbhajan Singh,1,0,,,,,,,,2021-04-13,2021,Chennai,"MA Chidambaram Stadium, Chepauk, Chennai",Mumbai Indians,Mumbai Indians,Kolkata Knight Riders,Kolkata Knight Riders,RD Chahar,2021-04-13,1
1254063,1,0.1,0,1,Royal Challengers Bangalore,Sunrisers Hyderabad,V Kohli,D Padikkal,B Kumar,0,0,,,,,,,,2021-04-14,2021,Chennai,"MA Chidambaram Stadium, Chepauk, Chennai",Royal Challengers Bangalore,Royal Challengers Bangalore,Sunrisers Hyderabad,Sunrisers Hyderabad,GJ Maxwell,2021-04-14,1
1254064,1,0.1,0,1,Delhi Capitals,Rajasthan Royals,PP Shaw,S Dhawan,C Sakariya,0,0,,,,,,,,2021-04-15,2021,Mumbai,"Wankhede Stadium, Mumbai",Rajasthan Royals,Delhi Capitals,Rajasthan Royals,Rajasthan Royals,JD Unadkat,2021-04-15,1
1254065,1,0.1,0,1,Punjab Kings,Chennai Super Kings,KL Rahul,MA Agarwal,DL Chahar,0,0,,,,,,,,2021-04-16,2021,Mumbai,"Wankhede Stadium, Mumbai",Chennai Super Kings,Punjab Kings,Chennai Super Kings,Chennai Super Kings,DL Chahar,2021-04-16,1
1254066,1,0.1,0,1,Mumbai Indians,Sunrisers Hyderabad,Q de Kock,RG Sharma,B Kumar,4,0,,,,,,,,2021-04-17,2021,Chennai,"MA Chidambaram Stadium, Chepauk, Chennai",Mumbai Indians,Mumbai Indians,Sunrisers Hyderabad,Mumbai Indians,KA Pollard,2021-04-17,1
1254067,1,0.1,0,1,Royal Challengers Bangalore,Kolkata Knight Riders,V Kohli,D Padikkal,Harbhajan Singh,0,0,,,,,,,,2021-04-18,2021,Chennai,"MA Chidambaram Stadium, Chepauk, Chennai",Royal Challengers Bangalore,Royal Challengers Bangalore,Kolkata Knight Riders,Royal Challengers Bangalore,AB de Villiers,2021-04-18,1
1254068,1,0.1,0,1,Punjab Kings,Delhi Capitals,KL Rahul,MA Agarwal,CR Woakes,0,0,,,,,,,,2021-04-18,2021,Mumbai,"Wankhede Stadium, Mumbai",Delhi Capitals,Punjab Kings,Delhi Capitals,Delhi Capitals,S Dhawan,2021-04-18,1
1254069,1,0.1,0,1,Chennai Super Kings,Rajasthan Royals,RD Gaikwad,F du Plessis,JD Unadkat,4,0,,,,,,,,2021-04-19,2021,Mumbai,"Wankhede Stadium, Mumbai",Chennai Super Kings,Chennai Super Kings,Rajasthan Royals,Rajasthan Royals,MM Ali,2021-04-19,1
1254070,1,0.1,0,1,Mumbai Indians,Delhi Capitals,RG Sharma,Q de Kock,MP Stoinis,0,0,,,,,,,,2021-04-20,2021,Chennai,"MA Chidambaram Stadium, Chepauk, Chennai",Delhi Capitals,Mumbai Indians,Delhi Capitals,Mumbai Indians,A Mishra,2021-04-20,1
1254071,1,0.1,0,1,Punjab Kings,Sunrisers Hyderabad,KL Rahul,MA Agarwal,Abhishek Sharma,1,0,,,,,,,,2021-04-21,2021,Chennai,"MA Chidambaram Stadium, Chepauk, Chennai",Sunrisers Hyderabad,Punjab Kings,Sunrisers Hyderabad,Punjab Kings,JM Bairstow,2021-04-21,1
1254072,1,0.1,0,1,Chennai Super Kings,Kolkata Knight Riders,RD Gaikwad,F du Plessis,CV Varun,0,0,,,,,,,,2021-04-21,2021,Mumbai,"Wankhede Stadium, Mumbai",Chennai Super Kings,Chennai Super Kings,Kolkata Knight Riders,Kolkata Knight Riders,F du Plessis,2021-04-21,1
1254073,1,0.1,0,1,Rajasthan Royals,Royal Challengers Bangalore,JC Buttler,M Vohra,Mohammed Siraj,0,0,,,,,,,,2021-04-22,2021,Mumbai,"Wankhede Stadium, Mumbai",Royal Challengers Bangalore,Rajasthan Royals,Royal Challengers Bangalore,Royal Challengers Bangalore,D Padikkal,2021-04-22,1
1254074,1,0.1,0,1,Mumbai Indians,Punjab Kings,Q de Kock,RG Sharma,MC Henriques,1,0,,,,,,,,2021-04-23,2021,Chennai,"MA Chidambaram Stadium, Chepauk, Chennai",Punjab Kings,Mumbai Indians,Punjab Kings,Punjab Kings,KL Rahul,2021-04-23,1
1254075,1,0.1,0,1,Kolkata Knight Riders,Rajasthan Royals,N Rana,Shubman Gill,JD Unadkat,0,0,,,,,,,,2021-04-24,2021,Mumbai,"Wankhede Stadium, Mumbai",Rajasthan Royals,Kolkata Knight Riders,Rajasthan Royals,Rajasthan Royals,CH Morris,2021-04-24,1
1254076,1,0.1,0,1,Chennai Super Kings,Royal Challengers Bangalore,RD Gaikwad,F du Plessis,Mohammed Siraj,1,0,,,,,,,,2021-04-25,2021,Mumbai,"Wankhede Stadium, Mumbai",Chennai Super Kings,Chennai Super Kings,Royal Challengers Bangalore,Chennai Super Kings,RA Jadeja,2021-04-25,1
1254078,1,0.1,0,1,Punjab Kings,Kolkata Knight Riders,KL Rahul,MA Agarwal,Shivam Mavi,0,0,,,,,,,,2021-04-26,2021,Ahmedabad,"Narendra Modi Stadium, Ahmedabad",Kolkata Knight Riders,Punjab Kings,Kolkata Knight Riders,Kolkata Knight Riders,EJG Morgan,2021-04-26,1
1254079,1,0.1,0,1,Royal Challengers Bangalore,Delhi Capitals,V Kohli,D Padikkal,I Sharma,1,0,,,,,,,,2021-04-27,2021,Ahmedabad,"Narendra Modi Stadium, Ahmedabad",Royal Challengers Bangalore,Royal Challengers Bangalore,Delhi Capitals,Delhi Capitals,AB de Villiers,2021-04-27,1
1254080,1,0.1,0,1,Sunrisers Hyderabad,Chennai Super Kings,DA Warner,JM Bairstow,DL Chahar,1,0,,,,,,,,2021-04-28,2021,Delhi,"Arun Jaitley Stadium, Delhi",Chennai Super Kings,Sunrisers Hyderabad,Chennai Super Kings,Sunrisers Hyderabad,RD Gaikwad,2021-04-28,1
1254081,1,0.1,0,1,Rajasthan Royals,Mumbai Indians,JC Buttler,YBK Jaiswal,TA Boult,4,0,,,,,,,,2021-04-29,2021,Delhi,"Arun Jaitley Stadium, Delhi",Mumbai Indians,Rajasthan Royals,Mumbai Indians,Mumbai Indians,Q de Kock,2021-04-29,1
1254082,1,0.1,0,1,Kolkata Knight Riders,Delhi Capitals,N Rana,Shubman Gill,I Sharma,1,0,,,,,,,,2021-04-29,2021,Ahmedabad,"Narendra Modi Stadium, Ahmedabad",Delhi Capitals,Kolkata Knight Riders,Delhi Capitals,Delhi Capitals,PP Shaw,2021-04-29,1
1254083,1,0.1,0,1,Punjab Kings,Royal Challengers Bangalore,KL Rahul,P Simran Singh,DR Sams,0,0,,,,,,,,2021-04-30,2021,Ahmedabad,"Narendra Modi Stadium, Ahmedabad",Punjab Kings,Punjab Kings,Royal Challengers Bangalore,Royal Challengers Bangalore,Harpreet Brar,2021-04-30,1
1254084,1,0.1,0,1,Chennai Super Kings,Mumbai Indians,RD Gaikwad,F du Plessis,TA Boult,0,0,,,,,,,,2021-05-01,2021,Delhi,"Arun Jaitley Stadium, Delhi",Mumbai Indians,Chennai Super Kings,Mumbai Indians,Mumbai Indians,KA Pollard,2021-05-01,1
1254085,1,0.1,0,1,Rajasthan Royals,Sunrisers Hyderabad,JC Buttler,YBK Jaiswal,B Kumar,0,0,,,,,,,,2021-05-02,2021,Delhi,"Arun Jaitley Stadium, Delhi",Rajasthan Royals,Rajasthan Royals,Sunrisers Hyderabad,Sunrisers Hyderabad,JC Buttler,2021-05-02,1
1254086,1,0.1,0,1,Punjab Kings,Delhi Capitals,P Simran Singh,MA Agarwal,I Sharma,0,0,,,,,,,,2021-05-02,2021,Ahmedabad,"Narendra Modi Stadium, Ahmedabad",Delhi Capitals,Punjab Kings,Delhi Capitals,Delhi Capitals,MA Agarwal,2021-05-02,1
1254104,1,0.1,0,1,Chennai Super Kings,Mumbai Indians,RD Gaikwad,F du Plessis,TA Boult,0,0,,,,,,,,2021-09-19,2021,Dubai,Dubai International Cricket Stadium,Chennai Super Kings,Chennai Super Kings,Mumbai Indians,Chennai Super Kings,RD Gaikwad,2021-09-19,1
1254087,1,0.1,0,1,Royal Challengers Bangalore,Kolkata Knight Riders,V Kohli,D Padikkal,CV Varun,1,0,,,,,,,,2021-09-20,2021,Abu Dhabi,"Zayed Cricket Stadium, Abu Dhabi",Kolkata Knight Riders,Royal Challengers Bangalore,Kolkata Knight Riders,Royal Challengers Bangalore,CV Varun,2021-09-20,1
1254111,1,0.1,0,1,Rajasthan Royals,Punjab Kings,E Lewis,YBK Jaiswal,Mohammed Shami,1,0,,,,,,,,2021-09-21,2021,Dubai,Dubai International Cricket Stadium,Rajasthan Royals,Rajasthan Royals,Punjab Kings,Punjab Kings,Kartik Tyagi,2021-09-21,1
1254105,1,0.1,0,1,Sunrisers Hyderabad,Delhi Capitals,DA Warner,WP Saha,A Nortje,0,0,,,,,,,,2021-09-22,2021,Dubai,Dubai International Cricket Stadium,Delhi Capitals,Sunrisers Hyderabad,Delhi Capitals,Sunrisers Hyderabad,A Nortje,2021-09-22,1
1254096,1,0.1,0,1,Mumbai Indians,Kolkata Knight Riders,RG Sharma,Q de Kock,N Rana,4,0,,,,,,,,2021-09-23,2021,Abu Dhabi,"Zayed Cricket Stadium, Abu Dhabi",Kolkata Knight Riders,Mumbai Indians,Kolkata Knight Riders,Kolkata Knight Riders,SP Narine,2021-09-23,1
1254113,1,0.1,0,1,Royal Challengers Bangalore,Chennai Super Kings,V Kohli,D Padikkal,DL Chahar,4,0,,,,,,,,2021-09-24,2021,Sharjah,Sharjah Cricket Stadium,Chennai Super Kings,Royal Challengers Bangalore,Chennai Super Kings,Chennai Super Kings,DJ Bravo,2021-09-24,1
1254097,1,0.1,0,1,Delhi Capitals,Rajasthan Royals,PP Shaw,S Dhawan,Mustafizur Rahman,1,0,,,,,,,,2021-09-25,2021,Abu Dhabi,"Zayed Cricket Stadium, Abu Dhabi",Delhi Capitals,Delhi Capitals,Rajasthan Royals,Rajasthan Royals,SS Iyer,2021-09-25,1
1254107,1,0.1,0,1,Punjab Kings,Sunrisers Hyderabad,KL Rahul,MA Agarwal,Sandeep Sharma,0,0,,,,,,,,2021-09-25,2021,Sharjah,Sharjah Cricket Stadium,Punjab Kings,Punjab Kings,Sunrisers Hyderabad,Sunrisers Hyderabad,JO Holder,2021-09-25,1
1254098,1,0.1,0,1,Kolkata Knight Riders,Chennai Super Kings,Shubman Gill,VR Iyer,DL Chahar,1,0,,,,,,,,2021-09-26,2021,Abu Dhabi,"Zayed Cricket Stadium, Abu Dhabi",Chennai Super Kings,Kolkata Knight Riders,Chennai Super Kings,Kolkata Knight Riders,RA Jadeja,2021-09-26,1
1254108,1,0.1,0,1,Royal Challengers Bangalore,Mumbai Indians,V Kohli,D Padikkal,TA Boult,0,0,,,,,,,,2021-09-26,2021,Dubai,Dubai International Cricket Stadium,Royal Challengers Bangalore,Royal Challengers Bangalore,Mumbai Indians,Mumbai Indians,GJ Maxwell,2021-09-26,1
1254100,1,0.1,0,1,Rajasthan Royals,Sunrisers Hyderabad,E Lewis,YBK Jaiswal,Sandeep Sharma,1,0,,,,,,,,2021-09-27,2021,Dubai,Dubai International Cricket Stadium,Sunrisers Hyderabad,Rajasthan Royals,Sunrisers Hyderabad,Rajasthan Royals,JJ Roy,2021-09-27,1
1254092,1,0.1,0,1,Delhi Capitals,Kolkata Knight Riders,SPD Smith,S Dhawan,S Sandeep Warrier,1,0,,,,,,,,2021-09-28,2021,Sharjah,Sharjah Cricket Stadium,Kolkata Knight Riders,Delhi Capitals,Kolkata Knight Riders,Kolkata Knight Riders,SP Narine,2021-09-28,1
1254099,1,0.1,0,1,Punjab Kings,Mumbai Indians,KL Rahul,Mandeep Singh,KH Pandya,1,0,,,,,,,,2021-09-28,2021,Abu Dhabi,"Zayed Cricket Stadium, Abu Dhabi",Mumbai Indians,Punjab Kings,Mumbai Indians,Mumbai Indians,KA Pollard,2021-09-28,1
1254103,1,0.1,0,1,Rajasthan Royals,Royal Challengers Bangalore,E Lewis,YBK Jaiswal,GHS Garton,2,0,,,,,,,,2021-09-29,2021,Dubai,Dubai International Cricket Stadium,Royal Challengers Bangalore,Rajasthan Royals,Royal Challengers Bangalore,Royal Challengers Bangalore,YS Chahal,2021-09-29,1
1254091,1,0.1,0,1,Sunrisers Hyderabad,Chennai Super Kings,JJ Roy,WP Saha,DL Chahar,0,0,,,,,,,,2021-09-30,2021,Sharjah,Sharjah Cricket Stadium,Chennai Super Kings,Sunrisers Hyderabad,Chennai Super Kings,Chennai Super Kings,JR Hazlewood,2021-09-30,1
1254102,1,0.1,0,1,Kolkata Knight Riders,Punjab Kings,VR Iyer,Shubman Gill,FA Allen,4,0,,,,,,,,2021-10-01,2021,Dubai,Dubai International Cricket Stadium,Punjab Kings,Kolkata Knight Riders,Punjab Kings,Punjab Kings,KL Rahul,2021-10-01,1
1254089,1,0.1,0,1,Chennai Super Kings,Rajasthan Royals,RD Gaikwad,F du Plessis,Akash Singh,4,0,,,,,,,,2021-10-02,2021,Abu Dhabi,"Zayed Cricket Stadium, Abu Dhabi",Rajasthan Royals,Chennai Super Kings,Rajasthan Royals,Rajasthan Royals,RD Gaikwad,2021-10-02,1
1254112,1,0.1,0,1,Mumbai Indians,Delhi Capitals,RG Sharma,Q de Kock,A Nortje,4,0,,,,,,,,2021-10-02,2021,Sharjah,Sharjah Cricket Stadium,Delhi Capitals,Mumbai Indians,Delhi Capitals,Delhi Capitals,AR Patel,2021-10-02,1
1254090,1,0.1,0,1,Royal Challengers Bangalore,Punjab Kings,V Kohli,D Padikkal,AK Markram,0,0,,,,,,,,2021-10-03,2021,Sharjah,Sharjah Cricket Stadium,Royal Challengers Bangalore,Royal Challengers Bangalore,Punjab Kings,Royal Challengers Bangalore,GJ Maxwell,2021-10-03,1
1254109,1,0.1,0,1,Sunrisers Hyderabad,Kolkata Knight Riders,JJ Roy,WP Saha,TG Southee,1,0,,,,,,,,2021-10-03,2021,Dubai,Dubai International Cricket Stadium,Kolkata Knight Riders,Sunrisers Hyderabad,Kolkata Knight Riders,Sunrisers Hyderabad,Shubman Gill,2021-10-03,1
1254110,1,0.1,0,1,Chennai Super Kings,Delhi Capitals,RD Gaikwad,F du Plessis,A Nortje,0,0,,,,,,,,2021-10-04,2021,Dubai,Dubai International Cricket Stadium,Delhi Capitals,Chennai Super Kings,Delhi Capitals,Delhi Capitals,AR Patel,2021-10-04,1
1254093,1,0.1,0,1,Rajasthan Royals,Mumbai Indians,E Lewis,YBK Jaiswal,TA Boult,0,0,,,,,,,,2021-10-05,2021,Sharjah,Sharjah Cricket Stadium,Mumbai Indians,Rajasthan Royals,Mumbai Indians,Mumbai Indians,NM Coulter-Nile,2021-10-05,1
1254095,1,0.1,0,1,Sunrisers Hyderabad,Royal Challengers Bangalore,JJ Roy,Abhishek Sharma,Mohammed Siraj,1,0,,,,,,,,2021-10-06,2021,Abu Dhabi,"Zayed Cricket Stadium, Abu Dhabi",Sunrisers Hyderabad,Sunrisers Hyderabad,Royal Challengers Bangalore,Royal Challengers Bangalore,KS Williamson,2021-10-06,1
1254094,1,0.1,0,1,Chennai Super Kings,Punjab Kings,RD Gaikwad,F du Plessis,Mohammed Shami,1,0,,,,,,,,2021-10-07,2021,Dubai,Dubai International Cricket Stadium,Punjab Kings,Chennai Super Kings,Punjab Kings,Punjab Kings,KL Rahul,2021-10-07,1
1254106,1,0.1,0,1,Kolkata Knight Riders,Rajasthan Royals,Shubman Gill,VR Iyer,JD Unadkat,0,0,,,,,,,,2021-10-07,2021,Sharjah,Sharjah Cricket Stadium,Kolkata Knight Riders,Kolkata Knight Riders,Rajasthan Royals,Rajasthan Royals,Shivam Mavi,2021-10-07,1
1254088,1,0.1,0,1,Mumbai Indians,Sunrisers Hyderabad,RG Sharma,Ishan Kishan,Mohammad Nabi,1,0,,,,,,,,2021-10-08,2021,Abu Dhabi,"Zayed Cricket Stadium, Abu Dhabi",Mumbai Indians,Mumbai Indians,Sunrisers Hyderabad,Mumbai Indians,Ishan Kishan,2021-10-08,1
1254101,1,0.1,0,1,Delhi Capitals,Royal Challengers Bangalore,PP Shaw,S Dhawan,GJ Maxwell,0,1,1.0,,,,,,,2021-10-08,2021,Dubai,Dubai International Cricket Stadium,Royal Challengers Bangalore,Delhi Capitals,Royal Challengers Bangalore,Royal Challengers Bangalore,KS Bharat,2021-10-08,1
1254114,1,0.1,0,1,Delhi Capitals,Chennai Super Kings,PP Shaw,S Dhawan,DL Chahar,0,0,,,,,,,,2021-10-10,2021,Dubai,Dubai International Cricket Stadium,Chennai Super Kings,Delhi Capitals,Chennai Super Kings,Chennai Super Kings,RD Gaikwad,2021-10-10,1
1254115,1,0.1,0,1,Royal Challengers Bangalore,Kolkata Knight Riders,D Padikkal,V Kohli,Shakib Al Hasan,1,0,,,,,,,,2021-10-11,2021,Sharjah,Sharjah Cricket Stadium,Kolkata Knight Riders,Royal Challengers Bangalore,Kolkata Knight Riders,Royal Challengers Bangalore,SP Narine,2021-10-11,1
1254116,1,0.1,0,1,Delhi Capitals,Kolkata Knight Riders,PP Shaw,S Dhawan,Shakib Al Hasan,0,0,,,,,,,,2021-10-13,2021,Sharjah,Sharjah Cricket Stadium,Kolkata Knight Riders,Delhi Capitals,Kolkata Knight Riders,Kolkata Knight Riders,VR Iyer,2021-10-13,1
1254117,1,0.1,0,1,Chennai Super Kings,Kolkata Knight Riders,RD Gaikwad,F du Plessis,Shakib Al Hasan,1,0,,,,,,,,2021-10-15,2021,Dubai,Dubai International Cricket Stadium,Chennai Super Kings,Chennai Super Kings,Kolkata Knight Riders,Kolkata Knight Riders,F du Plessis,2021-10-15,1
1304047,1,0.1,0,1,Chennai Super Kings,Kolkata Knight Riders,RD Gaikwad,DP Conway,UT Yadav,0,1,,1.0,,,,,,2022-03-26,2022,Mumbai,"Wankhede Stadium, Mumbai",Kolkata Knight Riders,Chennai Super Kings,Kolkata Knight Riders,Kolkata Knight Riders,UT Yadav,2022-03-26,1
1304048,1,0.1,0,1,Mumbai Indians,Delhi Capitals,RG Sharma,Ishan Kishan,SN Thakur,0,0,,,,,,,,2022-03-27,2022,Mumbai,"Brabourne Stadium, Mumbai",Delhi Capitals,Mumbai Indians,Delhi Capitals,Delhi Capitals,Kuldeep Yadav,2022-03-27,1
1304049,1,0.1,0,1,Royal Challengers Bangalore,Punjab Kings,F du Plessis,Anuj Rawat,Sandeep Sharma,0,0,,,,,,,,2022-03-27,2022,Mumbai,"Dr DY Patil Sports Academy, Mumbai",Punjab Kings,Royal Challengers Bangalore,Punjab Kings,Punjab Kings,OF Smith,2022-03-27,1
1304050,1,0.1,0,1,Lucknow Super Giants,Gujarat Titans,KL Rahul,Q de Kock,Mohammed Shami,0,0,,,,,,caught,KL Rahul,2022-03-28,2022,Mumbai,"Wankhede Stadium, Mumbai",Gujarat Titans,Lucknow Super Giants,Gujarat Titans,Gujarat Titans,Mohammed Shami,2022-03-28,1
1304051,1,0.1,0,1,Rajasthan Royals,Sunrisers Hyderabad,JC Buttler,YBK Jaiswal,B Kumar,0,0,,,,,,,,2022-03-29,2022,Pune,"Maharashtra Cricket Association Stadium, Pune",Rajasthan Royals,Rajasthan Royals,Sunrisers Hyderabad,Sunrisers Hyderabad,SV Samson,2022-03-29,1
1304052,1,0.1,0,1,Kolkata Knight Riders,Royal Challengers Bangalore,AM Rahane,VR Iyer,DJ Willey,1,0,,,,,,,,2022-03-30,2022,Mumbai,"Dr DY Patil Sports Academy, Mumbai",Royal Challengers Bangalore,Kolkata Knight Riders,Royal Challengers Bangalore,Royal Challengers Bangalore,PWH de Silva,2022-03-30,1
1304053,1,0.1,0,1,Chennai Super Kings,Lucknow Super Giants,RV Uthappa,RD Gaikwad,Avesh Khan,4,0,,,,,,,,2022-03-31,2022,Mumbai,"Brabourne Stadium, Mumbai",Lucknow Super Giants,Chennai Super Kings,Lucknow Super Giants,Lucknow Super Giants,E Lewis,2022-03-31,1
1304054,1,0.1,0,1,Punjab Kings,Kolkata Knight Riders,MA Agarwal,S Dhawan,UT Yadav,0,0,,,,,,,,2022-04-01,2022,Mumbai,"Wankhede Stadium, Mumbai",Kolkata Knight Riders,Punjab Kings,Kolkata Knight Riders,Kolkata Knight Riders,UT Yadav,2022-04-01,1
1304055,1,0.1,0,1,Rajasthan Royals,Mumbai Indians,JC Buttler,YBK Jaiswal,JJ Bumrah,0,0,,,,,,,,2022-04-02,2022,Mumbai,"Dr DY Patil Sports Academy, Mumbai",Rajasthan Royals,Rajasthan Royals,Mumbai Indians,Mumbai Indians,JC Buttler,2022-04-02,1
1304056,1,0.1,0,1,Gujarat Titans,Delhi Capitals,MS Wade,Shubman Gill,Mustafizur Rahman,1,0,,,,,,,,2022-04-02,2022,Pune,"Maharashtra Cricket Association Stadium, Pune",Gujarat Titans,Gujarat Titans,Delhi Capitals,Delhi Capitals,LH Ferguson,2022-04-02,1
1304057,1,0.1,0,1,Punjab Kings,Chennai Super Kings,MA Agarwal,S Dhawan,Mukesh Choudhary,4,0,,,,,,,,2022-04-03,2022,Mumbai,"Brabourne Stadium, Mumbai",Punjab Kings,Punjab Kings,Chennai Super Kings,Chennai Super Kings,LS Livingstone,2022-04-03,1
1304058,1,0.1,0,1,Lucknow Super Giants,Sunrisers Hyderabad,KL Rahul,Q de Kock,B Kumar,0,0,,,,,,,,2022-04-04,2022,Mumbai,"Dr DY Patil Sports Academy, Mumbai",Lucknow Super Giants,Lucknow Super Giants,Sunrisers Hyderabad,Sunrisers Hyderabad,Avesh Khan,2022-04-04,1
1304059,1,0.1,0,1,Rajasthan Royals,Royal Challengers Bangalore,JC Buttler,YBK Jaiswal,Mohammed Siraj,0,0,,,,,,,,2022-04-05,2022,Mumbai,"Wankhede Stadium, Mumbai",Royal Challengers Bangalore,Rajasthan Royals,Royal Challengers Bangalore,Royal Challengers Bangalore,KD Karthik,2022-04-05,1
1304060,1,0.1,0,1,Mumbai Indians,Kolkata Knight Riders,RG Sharma,Ishan Kishan,UT Yadav,0,0,,,,,,,,2022-04-06,2022,Pune,"Maharashtra Cricket Association Stadium, Pune",Kolkata Knight Riders,Mumbai Indians,Kolkata Knight Riders,Kolkata Knight Riders,PJ Cummins,2022-04-06,1
1304061,1,0.1,0,1,Delhi Capitals,Lucknow Super Giants,PP Shaw,DA Warner,JO Holder,3,0,,,,,,,,2022-04-07,2022,Mumbai,"Dr DY Patil Sports Academy, Mumbai",Lucknow Super Giants,Delhi Capitals,Lucknow Super Giants,Lucknow Super Giants,Q de Kock,2022-04-07,1
1304062,1,0.1,0,1,Punjab Kings,Gujarat Titans,MA Agarwal,S Dhawan,Mohammed Shami,0,0,,,,,,,,2022-04-08,2022,Mumbai,"Brabourne Stadium, Mumbai",Gujarat Titans,Punjab Kings,Gujarat Titans,Gujarat Titans,Shubman Gill,2022-04-08,1
1304063,1,0.1,0,1,Chennai Super Kings,Sunrisers Hyderabad,RV Uthappa,RD Gaikwad,B Kumar,0,0,,,,,,,,2022-04-09,2022,Mumbai,"Dr DY Patil Sports Academy, Mumbai",Sunrisers Hyderabad,Chennai Super Kings,Sunrisers Hyderabad,Sunrisers Hyderabad,Abhishek Sharma,2022-04-09,1
1304064,1,0.1,0,1,Mumbai Indians,Royal Challengers Bangalore,Ishan Kishan,RG Sharma,DJ Willey,0,0,,,,,,,,2022-04-09,2022,Pune,"Maharashtra Cricket Association Stadium, Pune",Royal Challengers Bangalore,Mumbai Indians,Royal Challengers Bangalore,Royal Challengers Bangalore,Anuj Rawat,2022-04-09,1
1304065,1,0.1,0,1,Delhi Capitals,Kolkata Knight Riders,PP Shaw,DA Warner,UT Yadav,4,0,,,,,,,,2022-04-10,2022,Mumbai,"Brabourne Stadium, Mumbai",Delhi Capitals,Delhi Capitals,Kolkata Knight Riders,Kolkata Knight Riders,Kuldeep Yadav,2022-04-10,1
1304066,1,0.1,0,1,Rajasthan Royals,Lucknow Super Giants,JC Buttler,D Padikkal,PVD Chameera,1,0,,,,,,,,2022-04-10,2022,Mumbai,"Wankhede Stadium, Mumbai",Rajasthan Royals,Rajasthan Royals,Lucknow Super Giants,Lucknow Super Giants,YS Chahal,2022-04-10,1
1304067,1,0.1,0,1,Gujarat Titans,Sunrisers Hyderabad,MS Wade,Shubman Gill,B Kumar,4,0,,,,,,,,2022-04-11,2022,Mumbai,"Dr DY Patil Sports Academy, Mumbai",Sunrisers Hyderabad,Gujarat Titans,Sunrisers Hyderabad,Sunrisers Hyderabad,KS Williamson,2022-04-11,1
1304068,1,0.1,0,1,Chennai Super Kings,Royal Challengers Bangalore,RD Gaikwad,RV Uthappa,Mohammed Siraj,0,0,,,,,,,,2022-04-12,2022,Mumbai,"Dr DY Patil Sports Academy, Mumbai",Chennai Super Kings,Chennai Super Kings,Royal Challengers Bangalore,Royal Challengers Bangalore,S Dube,2022-04-12,1
1304069,1,0.1,0,1,Punjab Kings,Mumbai Indians,MA Agarwal,S Dhawan,Basil Thampi,4,0,,,,,,,,2022-04-13,2022,Pune,"Maharashtra Cricket Association Stadium, Pune",Punjab Kings,Punjab Kings,Mumbai Indians,Mumbai Indians,MA Agarwal,2022-04-13,1
1304070,1,0.1,0,1,Gujarat Titans,Rajasthan Royals,MS Wade,Shubman Gill,JDS Neesham,4,0,,,,,,,,2022-04-14,2022,Mumbai,"Dr DY Patil Sports Academy, Mumbai",Gujarat Titans,Gujarat Titans,Rajasthan Royals,Rajasthan Royals,HH Pandya,2022-04-14,1
1304071,1,0.1,0,1,Kolkata Knight Riders,Sunrisers Hyderabad,VR Iyer,AJ Finch,B Kumar,1,0,,,,,,,,2022-04-15,2022,Mumbai,"Brabourne Stadium, Mumbai",Sunrisers Hyderabad,Kolkata Knight Riders,Sunrisers Hyderabad,Sunrisers Hyderabad,RA Tripathi,2022-04-15,1
1304072,1,0.1,0,1,Lucknow Super Giants,Mumbai Indians,KL Rahul,Q de Kock,Tilak Varma,0,0,,,,,,,,2022-04-16,2022,Mumbai,"Brabourne Stadium, Mumbai",Lucknow Super Giants,Lucknow Super Giants,Mumbai Indians,Mumbai Indians,KL Rahul,2022-04-16,1
1304073,1,0.1,0,1,Royal Challengers Bangalore,Delhi Capitals,F du Plessis,Anuj Rawat,Mustafizur Rahman,0,0,,,,,,,,2022-04-16,2022,Mumbai,"Wankhede Stadium, Mumbai",Royal Challengers Bangalore,Royal Challengers Bangalore,Delhi Capitals,Delhi Capitals,KD Karthik,2022-04-16,1
1304074,1,0.1,0,1,Punjab Kings,Sunrisers Hyderabad,S Dhawan,P Simran Singh,B Kumar,0,0,,,,,,,,2022-04-17,2022,Mumbai,"Dr DY Patil Sports Academy, Mumbai",Sunrisers Hyderabad,Punjab Kings,Sunrisers Hyderabad,Sunrisers Hyderabad,Umran Malik,2022-04-17,1
1304075,1,0.1,0,1,Chennai Super Kings,Gujarat Titans,RD Gaikwad,RV Uthappa,Mohammed Shami,0,0,,,,,,,,2022-04-17,2022,Pune,"Maharashtra Cricket Association Stadium, Pune",Gujarat Titans,Chennai Super Kings,Gujarat Titans,Gujarat Titans,DA Miller,2022-04-17,1
1304076,1,0.1,0,1,Rajasthan Royals,Kolkata Knight Riders,JC Buttler,D Padikkal,UT Yadav,0,0,,,,,,,,2022-04-18,2022,Mumbai,"Brabourne Stadium, Mumbai",Rajasthan Royals,Rajasthan Royals,Kolkata Knight Riders,Kolkata Knight Riders,YS Chahal,2022-04-18,1
1304077,1,0.1,0,1,Royal Challengers Bangalore,Lucknow Super Giants,Anuj Rawat,F du Plessis,PVD Chameera,0,0,,,,,,,,2022-04-19,2022,Mumbai,"Dr DY Patil Sports Academy, Mumbai",Royal Challengers Bangalore,Royal Challengers Bangalore,Lucknow Super Giants,Lucknow Super Giants,F du Plessis,2022-04-19,1
1304078,1,0.1,0,1,Punjab Kings,Delhi Capitals,MA Agarwal,S Dhawan,SN Thakur,0,0,,,,,,,,2022-04-20,2022,Mumbai,"Brabourne Stadium, Mumbai",Delhi Capitals,Punjab Kings,Delhi Capitals,Delhi Capitals,Kuldeep Yadav,2022-04-20,1
1304079,1,0.1,0,1,Mumbai Indians,Chennai Super Kings,RG Sharma,Ishan Kishan,Mukesh Choudhary,0,0,,,,,,,,2022-04-21,2022,Navi Mumbai,"Dr DY Patil Sports Academy, Mumbai",Chennai Super Kings,Mumbai Indians,Chennai Super Kings,Chennai Super Kings,Mukesh Choudhary,2022-04-21,1
1304080,1,0.1,0,1,Rajasthan Royals,Delhi Capitals,JC Buttler,D Padikkal,KK Ahmed,0,0,,,,,,,,2022-04-22,2022,Mumbai,"Wankhede Stadium, Mumbai",Rajasthan Royals,Rajasthan Royals,Delhi Capitals,Delhi Capitals,JC Buttler,2022-04-22,1
1304081,1,0.1,0,1,Gujarat Titans,Kolkata Knight Riders,WP Saha,Shubman Gill,UT Yadav,0,1,,,,1.0,,,,2022-04-23,2022,Navi Mumbai,"Dr DY Patil Sports Academy, Mumbai",Gujarat Titans,Gujarat Titans,Kolkata Knight Riders,Gujarat Titans,Rashid Khan,2022-04-23,1
1304082,1,0.1,0,1,Royal Challengers Bangalore,Sunrisers Hyderabad,F du Plessis,Anuj Rawat,B Kumar,0,0,,,,,,,,2022-04-23,2022,Mumbai,"Brabourne Stadium, Mumbai",Sunrisers Hyderabad,Royal Challengers Bangalore,Sunrisers Hyderabad,Sunrisers Hyderabad,M Jansen,2022-04-23,1
1304083,1,0.1,0,1,Lucknow Super Giants,Mumbai Indians,Q de Kock,KL Rahul,DR Sams,0,0,,,,,,,,2022-04-24,2022,Mumbai,"Wankhede Stadium, Mumbai",Lucknow Super Giants,Lucknow Super Giants,Mumbai Indians,Mumbai Indians,KL Rahul,2022-04-24,1
1304084,1,0.1,0,1,Punjab Kings,Chennai Super Kings,MA Agarwal,S Dhawan,Mukesh Choudhary,2,0,,,,,,,,2022-04-25,2022,Mumbai,"Wankhede Stadium, Mumbai",Punjab Kings,Punjab Kings,Chennai Super Kings,Chennai Super Kings,S Dhawan,2022-04-25,1
1304085,1,0.1,0,1,Rajasthan Royals,Royal Challengers Bangalore,JC Buttler,D Padikkal,Shahbaz Ahmed,1,0,,,,,,,,2022-04-26,2022,Pune,"Maharashtra Cricket Association Stadium, Pune",Rajasthan Royals,Rajasthan Royals,Royal Challengers Bangalore,Royal Challengers Bangalore,R Parag,2022-04-26,1
1304086,1,0.1,0,1,Sunrisers Hyderabad,Gujarat Titans,Abhishek Sharma,KS Williamson,Mohammed Shami,0,0,,,,,,,,2022-04-27,2022,Mumbai,"Wankhede Stadium, Mumbai",Gujarat Titans,Sunrisers Hyderabad,Gujarat Titans,Gujarat Titans,Umran Malik,2022-04-27,1
1304087,1,0.1,0,1,Kolkata Knight Riders,Delhi Capitals,AJ Finch,VR Iyer,Mustafizur Rahman,0,1,1.0,,,,,,,2022-04-28,2022,Mumbai,"Wankhede Stadium, Mumbai",Delhi Capitals,Kolkata Knight Riders,Delhi Capitals,Delhi Capitals,Kuldeep Yadav,2022-04-28,1
1304088,1,0.1,0,1,Lucknow Super Giants,Punjab Kings,Q de Kock,KL Rahul,Arshdeep Singh,1,0,,,,,,,,2022-04-29,2022,Pune,"Maharashtra Cricket Association Stadium, Pune",Lucknow Super Giants,Lucknow Super Giants,Punjab Kings,Punjab Kings,KH Pandya,2022-04-29,1
1304089,1,0.1,0,1,Royal Challengers Bangalore,Gujarat Titans,V Kohli,F du Plessis,Mohammed Shami,0,0,,,,,,,,2022-04-30,2022,Mumbai,"Brabourne Stadium, Mumbai",Gujarat Titans,Royal Challengers Bangalore,Gujarat Titans,Royal Challengers Bangalore,R Tewatia,2022-04-30,1
1304090,1,0.1,0,1,Rajasthan Royals,Mumbai Indians,JC Buttler,D Padikkal,DR Sams,1,0,,,,,,,,2022-04-30,2022,Navi Mumbai,"Dr DY Patil Sports Academy, Mumbai",Mumbai Indians,Rajasthan Royals,Mumbai Indians,Mumbai Indians,SA Yadav,2022-04-30,1
1304091,1,0.1,0,1,Lucknow Super Giants,Delhi Capitals,Q de Kock,KL Rahul,Mustafizur Rahman,4,0,,,,,,,,2022-05-01,2022,Mumbai,"Wankhede Stadium, Mumbai",Lucknow Super Giants,Lucknow Super Giants,Delhi Capitals,Lucknow Super Giants,Mohsin Khan,2022-05-01,1
1304092,1,0.1,0,1,Chennai Super Kings,Sunrisers Hyderabad,RD Gaikwad,DP Conway,B Kumar,1,0,,,,,,,,2022-05-01,2022,Pune,"Maharashtra Cricket Association Stadium, Pune",Chennai Super Kings,Chennai Super Kings,Sunrisers Hyderabad,Sunrisers Hyderabad,RD Gaikwad,2022-05-01,1
1304093,1,0.1,0,1,Rajasthan Royals,Kolkata Knight Riders,JC Buttler,D Padikkal,UT Yadav,0,0,,,,,,,,2022-05-02,2022,Mumbai,"Wankhede Stadium, Mumbai",Kolkata Knight Riders,Rajasthan Royals,Kolkata Knight Riders,Kolkata Knight Riders,RK Singh,2022-05-02,1
1304094,1,0.1,0,1,Gujarat Titans,Punjab Kings,WP Saha,Shubman Gill,Sandeep Sharma,0,0,,,,,,,,2022-05-03,2022,Navi Mumbai,"Dr DY Patil Sports Academy, Mumbai",Punjab Kings,Gujarat Titans,Punjab Kings,Gujarat Titans,K Rabada,2022-05-03,1
1304095,1,0.1,0,1,Royal Challengers Bangalore,Chennai Super Kings,V Kohli,F du Plessis,Mukesh Choudhary,1,0,,,,,,,,2022-05-04,2022,Pune,"Maharashtra Cricket Association Stadium, Pune",Royal Challengers Bangalore,Royal Challengers Bangalore,Chennai Super Kings,Chennai Super Kings,HV Patel,2022-05-04,1
1304096,1,0.1,0,1,Delhi Capitals,Sunrisers Hyderabad,Mandeep Singh,DA Warner,B Kumar,0,0,,,,,,,,2022-05-05,2022,Mumbai,"Brabourne Stadium, Mumbai",Delhi Capitals,Delhi Capitals,Sunrisers Hyderabad,Sunrisers Hyderabad,DA Warner,2022-05-05,1
1304097,1,0.1,0,1,Mumbai Indians,Gujarat Titans,Ishan Kishan,RG Sharma,Mohammed Shami,0,1,1.0,,,,,,,2022-05-06,2022,Mumbai,"Brabourne Stadium, Mumbai",Mumbai Indians,Mumbai Indians,Gujarat Titans,Gujarat Titans,TH David,2022-05-06,1
1304098,1,0.1,0,1,Punjab Kings,Rajasthan Royals,JM Bairstow,S Dhawan,TA Boult,4,0,,,,,,,,2022-05-07,2022,Mumbai,"Wankhede Stadium, Mumbai",Rajasthan Royals,Punjab Kings,Rajasthan Royals,Punjab Kings,YBK Jaiswal,2022-05-07,1
1304099,1,0.1,0,1,Lucknow Super Giants,Kolkata Knight Riders,Q de Kock,KL Rahul,TG Southee,0,0,,,,,,,,2022-05-07,2022,Pune,"Maharashtra Cricket Association Stadium, Pune",Lucknow Super Giants,Lucknow Super Giants,Kolkata Knight Riders,Kolkata Knight Riders,Avesh Khan,2022-05-07,1
1304100,1,0.1,0,1,Royal Challengers Bangalore,Sunrisers Hyderabad,V Kohli,F du Plessis,J Suchith,0,0,,,,,,caught,V Kohli,2022-05-08,2022,Mumbai,"Wankhede Stadium, Mumbai",Royal Challengers Bangalore,Royal Challengers Bangalore,Sunrisers Hyderabad,Royal Challengers Bangalore,PWH de Silva,2022-05-08,1
1304101,1,0.1,0,1,Chennai Super Kings,Delhi Capitals,RD Gaikwad,DP Conway,SN Thakur,0,0,,,,,,,,2022-05-08,2022,Navi Mumbai,"Dr DY Patil Sports Academy, Mumbai",Chennai Super Kings,Chennai Super Kings,Delhi Capitals,Delhi Capitals,DP Conway,2022-05-08,1
1304102,1,0.1,0,1,Kolkata Knight Riders,Mumbai Indians,VR Iyer,AM Rahane,DR Sams,0,0,,,,,,,,2022-05-09,2022,Navi Mumbai,"Dr DY Patil Sports Academy, Mumbai",Kolkata Knight Riders,Kolkata Knight Riders,Mumbai Indians,Mumbai Indians,JJ Bumrah,2022-05-09,1
1304103,1,0.1,0,1,Gujarat Titans,Lucknow Super Giants,WP Saha,Shubman Gill,Mohsin Khan,0,0,,,,,,,,2022-05-10,2022,Pune,"Maharashtra Cricket Association Stadium, Pune",Gujarat Titans,Gujarat Titans,Lucknow Super Giants,Gujarat Titans,Shubman Gill,2022-05-10,1
1304104,1,0.1,0,1,Rajasthan Royals,Delhi Capitals,YBK Jaiswal,JC Buttler,C Sakariya,1,0,,,,,,,,2022-05-11,2022,Navi Mumbai,"Dr DY Patil Sports Academy, Mumbai",Delhi Capitals,Rajasthan Royals,Delhi Capitals,Delhi Capitals,MR Marsh,2022-05-11,1
1304105,1,0.1,0,1,Chennai Super Kings,Mumbai Indians,RD Gaikwad,DP Conway,DR Sams,1,0,,,,,,,,2022-05-12,2022,Mumbai,"Wankhede Stadium, Mumbai",Mumbai Indians,Chennai Super Kings,Mumbai Indians,Mumbai Indians,DR Sams,2022-05-12,1
1304106,1,0.1,0,1,Punjab Kings,Royal Challengers Bangalore,JM Bairstow,S Dhawan,GJ Maxwell,0,0,,,,,,,,2022-05-13,2022,Mumbai,"Brabourne Stadium, Mumbai",Punjab Kings,Punjab Kings,Royal Challengers Bangalore,Royal Challengers Bangalore,JM Bairstow,2022-05-13,1
1304107,1,0.1,0,1,Kolkata Knight Riders,Sunrisers Hyderabad,VR Iyer,AM Rahane,B Kumar,1,0,,,,,,,,2022-05-14,2022,Pune,"Maharashtra Cricket Association Stadium, Pune",Kolkata Knight Riders,Kolkata Knight Riders,Sunrisers Hyderabad,Kolkata Knight Riders,AD Russell,2022-05-14,1
1304108,1,0.1,0,1,Chennai Super Kings,Gujarat Titans,RD Gaikwad,DP Conway,Mohammed Shami,0,0,,,,,,,,2022-05-15,2022,Mumbai,"Wankhede Stadium, Mumbai",Gujarat Titans,Chennai Super Kings,Gujarat Titans,Chennai Super Kings,WP Saha,2022-05-15,1
1304109,1,0.1,0,1,Rajasthan Royals,Lucknow Super Giants,YBK Jaiswal,JC Buttler,Mohsin Khan,0,0,,,,,,,,2022-05-15,2022,Mumbai,"Brabourne Stadium, Mumbai",Rajasthan Royals,Rajasthan Royals,Lucknow Super Giants,Rajasthan Royals,TA Boult,2022-05-15,1
1304110,1,0.1,0,1,Delhi Capitals,Punjab Kings,DA Warner,SN Khan,LS Livingstone,0,0,,,,,,caught,DA Warner,2022-05-16,2022,Navi Mumbai,"Dr DY Patil Sports Academy, Mumbai",Delhi Capitals,Delhi Capitals,Punjab Kings,Punjab Kings,SN Thakur,2022-05-16,1
1304111,1,0.1,0,1,Sunrisers Hyderabad,Mumbai Indians,Abhishek Sharma,PK Garg,DR Sams,0,0,,,,,,,,2022-05-17,2022,Mumbai,"Wankhede Stadium, Mumbai",Sunrisers Hyderabad,Sunrisers Hyderabad,Mumbai Indians,Mumbai Indians,RA Tripathi,2022-05-17,1
1304112,1,0.1,0,1,Lucknow Super Giants,Kolkata Knight Riders,Q de Kock,KL Rahul,UT Yadav,0,0,,,,,,,,2022-05-18,2022,Navi Mumbai,"Dr DY Patil Sports Academy, Mumbai",Lucknow Super Giants,Lucknow Super Giants,Kolkata Knight Riders,Lucknow Super Giants,Q de Kock,2022-05-18,1
1304113,1,0.1,0,1,Gujarat Titans,Royal Challengers Bangalore,WP Saha,Shubman Gill,S Kaul,4,0,,,,,,,,2022-05-19,2022,Mumbai,"Wankhede Stadium, Mumbai",Royal Challengers Bangalore,Gujarat Titans,Royal Challengers Bangalore,Gujarat Titans,V Kohli,2022-05-19,1
1304114,1,0.1,0,1,Chennai Super Kings,Rajasthan Royals,RD Gaikwad,DP Conway,TA Boult,2,0,,,,,,,,2022-05-20,2022,Mumbai,"Brabourne Stadium, Mumbai",Rajasthan Royals,Chennai Super Kings,Rajasthan Royals,Chennai Super Kings,R Ashwin,2022-05-20,1
1304115,1,0.1,0,1,Delhi Capitals,Mumbai Indians,PP Shaw,DA Warner,DR Sams,0,0,,,,,,,,2022-05-21,2022,Mumbai,"Wankhede Stadium, Mumbai",Mumbai Indians,Delhi Capitals,Mumbai Indians,Mumbai Indians,JJ Bumrah,2022-05-21,1
1304116,1,0.1,0,1,Sunrisers Hyderabad,Punjab Kings,PK Garg,Abhishek Sharma,LS Livingstone,1,0,,,,,,,,2022-05-22,2022,Mumbai,"Wankhede Stadium, Mumbai",Punjab Kings,Sunrisers Hyderabad,Punjab Kings,Sunrisers Hyderabad,Harpreet Brar,2022-05-22,1
1312197,1,0.1,0,1,Rajasthan Royals,Gujarat Titans,YBK Jaiswal,JC Buttler,Mohammed Shami,0,0,,,,,,,,2022-05-24,2022,Kolkata,"Eden Gardens, Kolkata",Gujarat Titans,Rajasthan Royals,Gujarat Titans,Gujarat Titans,DA Miller,2022-05-24,1
1312198,1,0.1,0,1,Royal Challengers Bangalore,Lucknow Super Giants,V Kohli,F du Plessis,Mohsin Khan,0,0,,,,,,,,2022-05-25,2022,Kolkata,"Eden Gardens, Kolkata",Royal Challengers Bangalore,Royal Challengers Bangalore,Lucknow Super Giants,Lucknow Super Giants,RM Patidar,2022-05-25,1
1312199,1,0.1,0,1,Royal Challengers Bangalore,Rajasthan Royals,V Kohli,F du Plessis,TA Boult,0,0,,,,,,,,2022-05-27,2022,Ahmedabad,"Narendra Modi Stadium, Ahmedabad",Rajasthan Royals,Royal Challengers Bangalore,Rajasthan Royals,Rajasthan Royals,JC Buttler,2022-05-27,1
1312200,1,0.1,0,1,Rajasthan Royals,Gujarat Titans,YBK Jaiswal,JC Buttler,Mohammed Shami,0,0,,,,,,,,2022-05-29,2022,Ahmedabad,"Narendra Modi Stadium, Ahmedabad",Gujarat Titans,Rajasthan Royals,Gujarat Titans,Rajasthan Royals,HH Pandya,2022-05-29,1
1359475,1,0.1,0,1,Chennai Super Kings,Gujarat Titans,DP Conway,RD Gaikwad,Mohammed Shami,0,0,,,,,,,,2023-03-31,2023,Ahmedabad,"Narendra Modi Stadium, Ahmedabad",Gujarat Titans,Chennai Super Kings,Gujarat Titans,Gujarat Titans,Rashid Khan,2023-03-31,1
1359476,1,0.1,0,1,Punjab Kings,Kolkata Knight Riders,P Simran Singh,S Dhawan,UT Yadav,0,0,,,,,,,,2023-04-01,2023,Chandigarh,"Punjab Cricket Association IS Bindra Stadium, Mohali, Chandigarh",Punjab Kings,Punjab Kings,Kolkata Knight Riders,Kolkata Knight Riders,Arshdeep Singh,2023-04-01,1
1359477,1,0.1,0,1,Lucknow Super Giants,Delhi Capitals,KL Rahul,KR Mayers,KK Ahmed,1,0,,,,,,,,2023-04-01,2023,Lucknow,"Bharat Ratna Shri Atal Bihari Vajpayee Ekana Cricket Stadium, Lucknow",Lucknow Super Giants,Lucknow Super Giants,Delhi Capitals,Delhi Capitals,MA Wood,2023-04-01,1
1359478,1,0.1,0,1,Rajasthan Royals,Sunrisers Hyderabad,YBK Jaiswal,JC Buttler,B Kumar,0,0,,,,,,,,2023-04-02,2023,Hyderabad,"Rajiv Gandhi International Stadium, Uppal, Hyderabad",Rajasthan Royals,Rajasthan Royals,Sunrisers Hyderabad,Sunrisers Hyderabad,JC Buttler,2023-04-02,1
1359479,1,0.1,0,1,Mumbai Indians,Royal Challengers Bangalore,RG Sharma,Ishan Kishan,Mohammed Siraj,1,0,,,,,,,,2023-04-02,2023,Bengaluru,"M Chinnaswamy Stadium, Bengaluru",Royal Challengers Bangalore,Mumbai Indians,Royal Challengers Bangalore,Royal Challengers Bangalore,F du Plessis,2023-04-02,1
1359480,1,0.1,0,1,Chennai Super Kings,Lucknow Super Giants,RD Gaikwad,DP Conway,KR Mayers,1,0,,,,,,,,2023-04-03,2023,Chennai,"MA Chidambaram Stadium, Chepauk, Chennai",Chennai Super Kings,Chennai Super Kings,Lucknow Super Giants,Lucknow Super Giants,MM Ali,2023-04-03,1
1359481,1,0.1,0,1,Delhi Capitals,Gujarat Titans,DA Warner,PP Shaw,Mohammed Shami,0,1,1.0,,,,,,,2023-04-04,2023,Delhi,"Arun Jaitley Stadium, Delhi",Gujarat Titans,Delhi Capitals,Gujarat Titans,Gujarat Titans,B Sai Sudharsan,2023-04-04,1
1359482,1,0.1,0,1,Punjab Kings,Rajasthan Royals,P Simran Singh,S Dhawan,TA Boult,1,0,,,,,,,,2023-04-05,2023,Guwahati,"Barsapara Cricket Stadium, Guwahati",Punjab Kings,Punjab Kings,Rajasthan Royals,Rajasthan Royals,NT Ellis,2023-04-05,1
1359483,1,0.1,0,1,Kolkata Knight Riders,Royal Challengers Bangalore,Rahmanullah Gurbaz,VR Iyer,Mohammed Siraj,0,0,,,,,,,,2023-04-06,2023,Kolkata,"Eden Gardens, Kolkata",Kolkata Knight Riders,Kolkata Knight Riders,Royal Challengers Bangalore,Royal Challengers Bangalore,SN Thakur,2023-04-06,1
1359484,1,0.1,0,1,Sunrisers Hyderabad,Lucknow Super Giants,Anmolpreet Singh,MA Agarwal,KR Mayers,1,0,,,,,,,,2023-04-07,2023,Lucknow,"Bharat Ratna Shri Atal Bihari Vajpayee Ekana Cricket Stadium, Lucknow",Lucknow Super Giants,Sunrisers Hyderabad,Lucknow Super Giants,Sunrisers Hyderabad,KH Pandya,2023-04-07,1
1359485,1,0.1,0,1,Rajasthan Royals,Delhi Capitals,YBK Jaiswal,JC Buttler,KK Ahmed,4,0,,,,,,,,2023-04-08,2023,Guwahati,"Barsapara Cricket Stadium, Guwahati",Rajasthan Royals,Rajasthan Royals,Delhi Capitals,Delhi Capitals,YBK Jaiswal,2023-04-08,1
1359486,1,0.1,0,1,Mumbai Indians,Chennai Super Kings,RG Sharma,Ishan Kishan,DL Chahar,0,0,,,,,,,,2023-04-08,2023,Mumbai,"Wankhede Stadium, Mumbai",Chennai Super Kings,Mumbai Indians,Chennai Super Kings,Chennai Super Kings,RA Jadeja,2023-04-08,1
1359487,1,0.1,0,1,Gujarat Titans,Kolkata Knight Riders,WP Saha,Shubman Gill,UT Yadav,0,0,,,,,,,,2023-04-09,2023,Ahmedabad,"Narendra Modi Stadium, Ahmedabad",Kolkata Knight Riders,Gujarat Titans,Kolkata Knight Riders,Gujarat Titans,RK Singh,2023-04-09,1
1359488,1,0.1,0,1,Punjab Kings,Sunrisers Hyderabad,P Simran Singh,S Dhawan,B Kumar,0,0,,,,,,lbw,P Simran Singh,2023-04-09,2023,Hyderabad,"Rajiv Gandhi International Stadium, Uppal, Hyderabad",Sunrisers Hyderabad,Punjab Kings,Sunrisers Hyderabad,Sunrisers Hyderabad,S Dhawan,2023-04-09,1
1359489,1,0.1,0,1,Royal Challengers Bangalore,Lucknow Super Giants,V Kohli,F du Plessis,JD Unadkat,0,0,,,,,,,,2023-04-10,2023,Bengaluru,"M Chinnaswamy Stadium, Bengaluru",Lucknow Super Giants,Royal Challengers Bangalore,Lucknow Super Giants,Lucknow Super Giants,N Pooran,2023-04-10,1
1359490,1,0.1,0,1,Delhi Capitals,Mumbai Indians,DA Warner,PP Shaw,JP Behrendorff,0,0,,,,,,,,2023-04-11,2023,Delhi,"Arun Jaitley Stadium, Delhi",Mumbai Indians,Delhi Capitals,Mumbai Indians,Mumbai Indians,RG Sharma,2023-04-11,1
1359491,1,0.1,0,1,Rajasthan Royals,Chennai Super Kings,YBK Jaiswal,JC Buttler,Akash Singh,0,0,,,,,,,,2023-04-12,2023,Chennai,"MA Chidambaram Stadium, Chepauk, Chennai",Rajasthan Royals,Rajasthan Royals,Chennai Super Kings,Chennai Super Kings,R Ashwin,2023-04-12,1
1359492,1,0.1,0,1,Punjab Kings,Gujarat Titans,P Simran Singh,S Dhawan,Mohammed Shami,0,0,,,,,,,,2023-04-13,2023,Chandigarh,"Punjab Cricket Association IS Bindra Stadium, Mohali, Chandigarh",Gujarat Titans,Punjab Kings,Gujarat Titans,Gujarat Titans,MM Sharma,2023-04-13,1
1359493,1,0.1,0,1,Sunrisers Hyderabad,Kolkata Knight Riders,HC Brook,MA Agarwal,UT Yadav,4,0,,,,,,,,2023-04-14,2023,Kolkata,"Eden Gardens, Kolkata",Sunrisers Hyderabad,Sunrisers Hyderabad,Kolkata Knight Riders,Kolkata Knight Riders,HC Brook,2023-04-14,1
1359494,1,0.1,0,1,Royal Challengers Bangalore,Delhi Capitals,V Kohli,F du Plessis,A Nortje,0,1,1.0,,,,,,,2023-04-15,2023,Bengaluru,"M Chinnaswamy Stadium, Bengaluru",Royal Challengers Bangalore,Royal Challengers Bangalore,Delhi Capitals,Delhi Capitals,V Kohli,2023-04-15,1
1359495,1,0.1,0,1,Lucknow Super Giants,Punjab Kings,KL Rahul,KR Mayers,MW Short,1,0,,,,,,,,2023-04-15,2023,Lucknow,"Bharat Ratna Shri Atal Bihari Vajpayee Ekana Cricket Stadium, Lucknow",Punjab Kings,Lucknow Super Giants,Punjab Kings,Punjab Kings,Sikandar Raza,2023-04-15,1
1359496,1,0.1,0,1,Kolkata Knight Riders,Mumbai Indians,Rahmanullah Gurbaz,N Jagadeesan,Arjun Tendulkar,0,0,,,,,,,,2023-04-16,2023,Mumbai,"Wankhede Stadium, Mumbai",Mumbai Indians,Kolkata Knight Riders,Mumbai Indians,Mumbai Indians,VR Iyer,2023-04-16,1
1359497,1,0.1,0,1,Gujarat Titans,Rajasthan Royals,WP Saha,Shubman Gill,TA Boult,0,1,1.0,,,,,,,2023-04-16,2023,Ahmedabad,"Narendra Modi Stadium, Ahmedabad",Rajasthan Royals,Gujarat Titans,Rajasthan Royals,Rajasthan Royals,SO Hetmyer,2023-04-16,1
1359498,1,0.1,0,1,Chennai Super Kings,Royal Challengers Bangalore,RD Gaikwad,DP Conway,Mohammed Siraj,1,0,,,,,,,,2023-04-17,2023,Bengaluru,"M Chinnaswamy Stadium, Bengaluru",Chennai Super Kings,Chennai Super Kings,Royal Challengers Bangalore,Royal Challengers Bangalore,DP Conway,2023-04-17,1
1359499,1,0.1,0,1,Mumbai Indians,Sunrisers Hyderabad,RG Sharma,Ishan Kishan,B Kumar,1,0,,,,,,,,2023-04-18,2023,Hyderabad,"Rajiv Gandhi International Stadium, Uppal, Hyderabad",Mumbai Indians,Mumbai Indians,Sunrisers Hyderabad,Sunrisers Hyderabad,C Green,2023-04-18,1
1359500,1,0.1,0,1,Lucknow Super Giants,Rajasthan Royals,KL Rahul,KR Mayers,TA Boult,0,0,,,,,,,,2023-04-19,2023,Jaipur,"Sawai Mansingh Stadium, Jaipur",Lucknow Super Giants,Lucknow Super Giants,Rajasthan Royals,Rajasthan Royals,MP Stoinis,2023-04-19,1
1359501,1,0.1,0,1,Royal Challengers Bangalore,Punjab Kings,V Kohli,F du Plessis,Arshdeep Singh,1,0,,,,,,,,2023-04-20,2023,Chandigarh,"Punjab Cricket Association IS Bindra Stadium, Mohali, Chandigarh",Royal Challengers Bangalore,Royal Challengers Bangalore,Punjab Kings,Punjab Kings,Mohammed Siraj,2023-04-20,1
1359502,1,0.1,0,1,Kolkata Knight Riders,Delhi Capitals,JJ Roy,Liton Das,I Sharma,0,0,,,,,,,,2023-04-20,2023,Delhi,"Arun Jaitley Stadium, Delhi",Delhi Capitals,Kolkata Knight Riders,Delhi Capitals,Delhi Capitals,I Sharma,2023-04-20,1
1359503,1,0.1,0,1,Sunrisers Hyderabad,Chennai Super Kings,HC Brook,Abhishek Sharma,Akash Singh,1,0,,,,,,,,2023-04-21,2023,Chennai,"MA Chidambaram Stadium, Chepauk, Chennai",Chennai Super Kings,Sunrisers Hyderabad,Chennai Super Kings,Chennai Super Kings,RA Jadeja,2023-04-21,1
1359504,1,0.1,0,1,Gujarat Titans,Lucknow Super Giants,WP Saha,Shubman Gill,Naveen-ul-Haq,0,0,,,,,,,,2023-04-22,2023,Lucknow,"Bharat Ratna Shri Atal Bihari Vajpayee Ekana Cricket Stadium, Lucknow",Gujarat Titans,Gujarat Titans,Lucknow Super Giants,Gujarat Titans,MM Sharma,2023-04-22,1
1359505,1,0.1,0,1,Punjab Kings,Mumbai Indians,MW Short,P Simran Singh,Arjun Tendulkar,0,0,,,,,,,,2023-04-22,2023,Mumbai,"Wankhede Stadium, Mumbai",Punjab Kings,Punjab Kings,Mumbai Indians,Mumbai Indians,SM Curran,2023-04-22,1
1359506,1,0.1,0,1,Royal Challengers Bangalore,Rajasthan Royals,V Kohli,F du Plessis,TA Boult,0,0,,,,,,lbw,V Kohli,2023-04-23,2023,Bengaluru,"M Chinnaswamy Stadium, Bengaluru",Royal Challengers Bangalore,Royal Challengers Bangalore,Rajasthan Royals,Rajasthan Royals,GJ Maxwell,2023-04-23,1
1359507,1,0.1,0,1,Chennai Super Kings,Kolkata Knight Riders,RD Gaikwad,DP Conway,UT Yadav,4,0,,,,,,,,2023-04-23,2023,Kolkata,"Eden Gardens, Kolkata",Chennai Super Kings,Chennai Super Kings,Kolkata Knight Riders,Kolkata Knight Riders,AM Rahane,2023-04-23,1
1359508,1,0.1,0,1,Delhi Capitals,Sunrisers Hyderabad,DA Warner,PD Salt,B Kumar,0,0,,,,,,,,2023-04-24,2023,Hyderabad,"Rajiv Gandhi International Stadium, Uppal, Hyderabad",Delhi Capitals,Delhi Capitals,Sunrisers Hyderabad,Delhi Capitals,AR Patel,2023-04-24,1
1359509,1,0.1,0,1,Gujarat Titans,Mumbai Indians,WP Saha,Shubman Gill,Arjun Tendulkar,0,0,,,,,,,,2023-04-25,2023,Ahmedabad,"Narendra Modi Stadium, Ahmedabad",Gujarat Titans,Gujarat Titans,Mumbai Indians,Mumbai Indians,A Manohar,2023-04-25,1
1359510,1,0.1,0,1,Kolkata Knight Riders,Royal Challengers Bangalore,JJ Roy,N Jagadeesan,Mohammed Siraj,0,0,,,,,,,,2023-04-26,2023,Bengaluru,"M Chinnaswamy Stadium, Bengaluru",Kolkata Knight Riders,Kolkata Knight Riders,Royal Challengers Bangalore,Royal Challengers Bangalore,CV Varun,2023-04-26,1
1359511,1,0.1,0,1,Rajasthan Royals,Chennai Super Kings,YBK Jaiswal,JC Buttler,Akash Singh,4,0,,,,,,,,2023-04-27,2023,Jaipur,"Sawai Mansingh Stadium, Jaipur",Rajasthan Royals,Rajasthan Royals,Chennai Super Kings,Rajasthan Royals,YBK Jaiswal,2023-04-27,1
1359512,1,0.1,0,1,Lucknow Super Giants,Punjab Kings,KL Rahul,KR Mayers,Gurnoor Brar,1,0,,,,,,,,2023-04-28,2023,Chandigarh,"Punjab Cricket Association IS Bindra Stadium, Mohali, Chandigarh",Lucknow Super Giants,Lucknow Super Giants,Punjab Kings,Punjab Kings,MP Stoinis,2023-04-28,1
1359513,1,0.1,0,1,Kolkata Knight Riders,Gujarat Titans,N Jagadeesan,Rahmanullah Gurbaz,Mohammed Shami,0,0,,,,,,,,2023-04-29,2023,Kolkata,"Eden Gardens, Kolkata",Gujarat Titans,Kolkata Knight Riders,Gujarat Titans,Gujarat Titans,J Little,2023-04-29,1
1359514,1,0.1,0,1,Sunrisers Hyderabad,Delhi Capitals,Abhishek Sharma,MA Agarwal,I Sharma,0,0,,,,,,,,2023-04-29,2023,Delhi,"Arun Jaitley Stadium, Delhi",Sunrisers Hyderabad,Sunrisers Hyderabad,Delhi Capitals,Sunrisers Hyderabad,MR Marsh,2023-04-29,1
1359515,1,0.1,0,1,Chennai Super Kings,Punjab Kings,RD Gaikwad,DP Conway,Arshdeep Singh,0,1,1.0,,,,,,,2023-04-30,2023,Chennai,"MA Chidambaram Stadium, Chepauk, Chennai",Punjab Kings,Chennai Super Kings,Punjab Kings,Chennai Super Kings,DP Conway,2023-04-30,1
1359516,1,0.1,0,1,Rajasthan Royals,Mumbai Indians,YBK Jaiswal,JC Buttler,C Green,0,0,,,,,,,,2023-04-30,2023,Mumbai,"Wankhede Stadium, Mumbai",Mumbai Indians,Rajasthan Royals,Mumbai Indians,Rajasthan Royals,YBK Jaiswal,2023-04-30,1
1359517,1,0.1,0,1,Royal Challengers Bangalore,Lucknow Super Giants,V Kohli,F du Plessis,KH Pandya,4,0,,,,,,,,2023-05-01,2023,Lucknow,"Bharat Ratna Shri Atal Bihari Vajpayee Ekana Cricket Stadium, Lucknow",Royal Challengers Bangalore,Royal Challengers Bangalore,Lucknow Super Giants,Royal Challengers Bangalore,F du Plessis,2023-05-01,1
1359518,1,0.1,0,1,Delhi Capitals,Gujarat Titans,PD Salt,DA Warner,Mohammed Shami,0,0,,,,,,caught,PD Salt,2023-05-02,2023,Ahmedabad,"Narendra Modi Stadium, Ahmedabad",Delhi Capitals,Delhi Capitals,Gujarat Titans,Delhi Capitals,Mohammed Shami,2023-05-02,1
1359520,1,0.1,0,1,Punjab Kings,Mumbai Indians,P Simran Singh,S Dhawan,C Green,0,0,,,,,,,,2023-05-03,2023,Chandigarh,"Punjab Cricket Association IS Bindra Stadium, Mohali, Chandigarh",Mumbai Indians,Punjab Kings,Mumbai Indians,Mumbai Indians,Ishan Kishan,2023-05-03,1
1359521,1,0.1,0,1,Kolkata Knight Riders,Sunrisers Hyderabad,JJ Roy,Rahmanullah Gurbaz,B Kumar,0,0,,,,,,,,2023-05-04,2023,Hyderabad,"Rajiv Gandhi International Stadium, Uppal, Hyderabad",Kolkata Knight Riders,Kolkata Knight Riders,Sunrisers Hyderabad,Kolkata Knight Riders,CV Varun,2023-05-04,1
1359522,1,0.1,0,1,Rajasthan Royals,Gujarat Titans,YBK Jaiswal,JC Buttler,Mohammed Shami,0,0,,,,,,,,2023-05-05,2023,Jaipur,"Sawai Mansingh Stadium, Jaipur",Gujarat Titans,Rajasthan Royals,Gujarat Titans,Rajasthan Royals,Rashid Khan,2023-05-05,1
1359523,1,0.1,0,1,Mumbai Indians,Chennai Super Kings,C Green,Ishan Kishan,DL Chahar,1,0,,,,,,,,2023-05-06,2023,Chennai,"MA Chidambaram Stadium, Chepauk, Chennai",Chennai Super Kings,Mumbai Indians,Chennai Super Kings,Chennai Super Kings,M Pathirana,2023-05-06,1
1359524,1,0.1,0,1,Royal Challengers Bangalore,Delhi Capitals,V Kohli,F du Plessis,KK Ahmed,0,0,,,,,,,,2023-05-06,2023,Delhi,"Arun Jaitley Stadium, Delhi",Delhi Capitals,Royal Challengers Bangalore,Delhi Capitals,Royal Challengers Bangalore,PD Salt,2023-05-06,1
1359525,1,0.1,0,1,Gujarat Titans,Lucknow Super Giants,WP Saha,Shubman Gill,Mohsin Khan,0,0,,,,,,,,2023-05-07,2023,Ahmedabad,"Narendra Modi Stadium, Ahmedabad",Gujarat Titans,Gujarat Titans,Lucknow Super Giants,Lucknow Super Giants,Shubman Gill,2023-05-07,1
1359526,1,0.1,0,1,Rajasthan Royals,Sunrisers Hyderabad,YBK Jaiswal,JC Buttler,B Kumar,4,0,,,,,,,,2023-05-07,2023,Jaipur,"Sawai Mansingh Stadium, Jaipur",Sunrisers Hyderabad,Rajasthan Royals,Sunrisers Hyderabad,Rajasthan Royals,GD Phillips,2023-05-07,1
1359527,1,0.1,0,1,Punjab Kings,Kolkata Knight Riders,P Simran Singh,S Dhawan,VG Arora,0,0,,,,,,,,2023-05-08,2023,Kolkata,"Eden Gardens, Kolkata",Kolkata Knight Riders,Punjab Kings,Kolkata Knight Riders,Punjab Kings,AD Russell,2023-05-08,1
1359528,1,0.1,0,1,Royal Challengers Bangalore,Mumbai Indians,V Kohli,F du Plessis,JP Behrendorff,0,0,,,,,,,,2023-05-09,2023,Mumbai,"Wankhede Stadium, Mumbai",Mumbai Indians,Royal Challengers Bangalore,Mumbai Indians,Mumbai Indians,SA Yadav,2023-05-09,1
1359529,1,0.1,0,1,Chennai Super Kings,Delhi Capitals,RD Gaikwad,DP Conway,KK Ahmed,0,0,,,,,,,,2023-05-10,2023,Chennai,"MA Chidambaram Stadium, Chepauk, Chennai",Chennai Super Kings,Chennai Super Kings,Delhi Capitals,Chennai Super Kings,RA Jadeja,2023-05-10,1
1359530,1,0.1,0,1,Kolkata Knight Riders,Rajasthan Royals,JJ Roy,Rahmanullah Gurbaz,TA Boult,2,0,,,,,,,,2023-05-11,2023,Kolkata,"Eden Gardens, Kolkata",Rajasthan Royals,Kolkata Knight Riders,Rajasthan Royals,Rajasthan Royals,YBK Jaiswal,2023-05-11,1
1359531,1,0.1,0,1,Mumbai Indians,Gujarat Titans,Ishan Kishan,RG Sharma,Mohammed Shami,0,0,,,,,,,,2023-05-12,2023,Mumbai,"Wankhede Stadium, Mumbai",Mumbai Indians,Mumbai Indians,Gujarat Titans,Gujarat Titans,SA Yadav,2023-05-12,1
1359532,1,0.1,0,1,Sunrisers Hyderabad,Lucknow Super Giants,Anmolpreet Singh,Abhishek Sharma,Yudhvir Singh,0,0,,,,,,,,2023-05-13,2023,Hyderabad,"Rajiv Gandhi International Stadium, Uppal, Hyderabad",Lucknow Super Giants,Sunrisers Hyderabad,Lucknow Super Giants,Sunrisers Hyderabad,PN Mankad,2023-05-13,1
1359533,1,0.1,0,1,Punjab Kings,Delhi Capitals,P Simran Singh,S Dhawan,KK Ahmed,0,0,,,,,,,,2023-05-13,2023,Delhi,"Arun Jaitley Stadium, Delhi",Punjab Kings,Punjab Kings,Delhi Capitals,Delhi Capitals,P Simran Singh,2023-05-13,1
1359534,1,0.1,0,1,Royal Challengers Bangalore,Rajasthan Royals,V Kohli,F du Plessis,Sandeep Sharma,1,0,,,,,,,,2023-05-14,2023,Jaipur,"Sawai Mansingh Stadium, Jaipur",Royal Challengers Bangalore,Royal Challengers Bangalore,Rajasthan Royals,Royal Challengers Bangalore,WD Parnell,2023-05-14,1
1359535,1,0.1,0,1,Chennai Super Kings,Kolkata Knight Riders,RD Gaikwad,DP Conway,VG Arora,1,0,,,,,,,,2023-05-14,2023,Chennai,"MA Chidambaram Stadium, Chepauk, Chennai",Kolkata Knight Riders,Chennai Super Kings,Kolkata Knight Riders,Chennai Super Kings,RK Singh,2023-05-14,1
1359536,1,0.1,0,1,Gujarat Titans,Sunrisers Hyderabad,WP Saha,Shubman Gill,B Kumar,0,0,,,,,,,,2023-05-15,2023,Ahmedabad,"Narendra Modi Stadium, Ahmedabad",Gujarat Titans,Gujarat Titans,Sunrisers Hyderabad,Sunrisers Hyderabad,Shubman Gill,2023-05-15,1
1359537,1,0.1,0,1,Lucknow Super Giants,Mumbai Indians,DJ Hooda,Q de Kock,JP Behrendorff,0,0,,,,,,,,2023-05-16,2023,Lucknow,"Bharat Ratna Shri Atal Bihari Vajpayee Ekana Cricket Stadium, Lucknow",Lucknow Super Giants,Lucknow Super Giants,Mumbai Indians,Mumbai Indians,MP Stoinis,2023-05-16,1
1359538,1,0.1,0,1,Delhi Capitals,Punjab Kings,DA Warner,PP Shaw,SM Curran,0,0,,,,,,,,2023-05-17,2023,Dharamsala,"Himachal Pradesh Cricket Association Stadium, Dharamsala",Delhi Capitals,Delhi Capitals,Punjab Kings,Punjab Kings,RR Rossouw,2023-05-17,1
1359539,1,0.1,0,1,Sunrisers Hyderabad,Royal Challengers Bangalore,Abhishek Sharma,RA Tripathi,Mohammed Siraj,0,1,1.0,,,,,,,2023-05-18,2023,Hyderabad,"Rajiv Gandhi International Stadium, Uppal, Hyderabad",Royal Challengers Bangalore,Sunrisers Hyderabad,Royal Challengers Bangalore,Royal Challengers Bangalore,V Kohli,2023-05-18,1
1359540,1,0.1,0,1,Punjab Kings,Rajasthan Royals,P Simran Singh,S Dhawan,TA Boult,2,0,,,,,,,,2023-05-19,2023,Dharamsala,"Himachal Pradesh Cricket Association Stadium, Dharamsala",Rajasthan Royals,Punjab Kings,Rajasthan Royals,Rajasthan Royals,D Padikkal,2023-05-19,1
1359541,1,0.1,0,1,Chennai Super Kings,Delhi Capitals,RD Gaikwad,DP Conway,KK Ahmed,1,0,,,,,,,,2023-05-20,2023,Delhi,"Arun Jaitley Stadium, Delhi",Chennai Super Kings,Chennai Super Kings,Delhi Capitals,Chennai Super Kings,RD Gaikwad,2023-05-20,1
1359542,1,0.1,0,1,Lucknow Super Giants,Kolkata Knight Riders,KS Sharma,Q de Kock,Harshit Rana,1,0,,,,,,,,2023-05-20,2023,Kolkata,"Eden Gardens, Kolkata",Lucknow Super Giants,Lucknow Super Giants,Kolkata Knight Riders,Kolkata Knight Riders,N Pooran,2023-05-20,1
1359543,1,0.1,0,1,Sunrisers Hyderabad,Mumbai Indians,Vivrant Sharma,MA Agarwal,JP Behrendorff,0,0,,,,,,,,2023-05-21,2023,Mumbai,"Wankhede Stadium, Mumbai",Mumbai Indians,Sunrisers Hyderabad,Mumbai Indians,Mumbai Indians,C Green,2023-05-21,1
1359544,1,0.1,0,1,Royal Challengers Bangalore,Gujarat Titans,V Kohli,F du Plessis,Mohammed Shami,0,0,,,,,,,,2023-05-21,2023,Bengaluru,"M Chinnaswamy Stadium, Bengaluru",Gujarat Titans,Royal Challengers Bangalore,Gujarat Titans,Gujarat Titans,Shubman Gill,2023-05-21,1
1370350,1,0.1,0,1,Chennai Super Kings,Gujarat Titans,RD Gaikwad,DP Conway,Mohammed Shami,0,0,,,,,,,,2023-05-23,2023,Chennai,"MA Chidambaram Stadium, Chepauk, Chennai",Chennai Super Kings,Chennai Super Kings,Gujarat Titans,Gujarat Titans,RD Gaikwad,2023-05-23,1
1370351,1,0.1,0,1,Mumbai Indians,Lucknow Super Giants,Ishan Kishan,RG Sharma,KH Pandya,4,0,,,,,,,,2023-05-24,2023,Chennai,"MA Chidambaram Stadium, Chepauk, Chennai",Mumbai Indians,Mumbai Indians,Lucknow Super Giants,Mumbai Indians,Akash Madhwal,2023-05-24,1
1370352,1,0.1,0,1,Gujarat Titans,Mumbai Indians,WP Saha,Shubman Gill,JP Behrendorff,0,0,,,,,,,,2023-05-26,2023,Ahmedabad,"Narendra Modi Stadium, Ahmedabad",Gujarat Titans,Gujarat Titans,Mumbai Indians,Mumbai Indians,Shubman Gill,2023-05-26,1
1370353,1,0.1,0,1,Gujarat Titans,Chennai Super Kings,WP Saha,Shubman Gill,DL Chahar,0,0,,,,,,,,2023-05-29,2023,Ahmedabad,"Narendra Modi Stadium, Ahmedabad",Chennai Super Kings,Gujarat Titans,Chennai Super Kings,Chennai Super Kings,DP Conway,2023-05-29,1
1422119,1,0.1,0,1,Royal Challengers Bengaluru,Chennai Super Kings,V Kohli,F du Plessis,DL Chahar,0,1,1.0,,,,,,,2024-03-22,2024,Chennai,"MA Chidambaram Stadium, Chepauk, Chennai",Chennai Super Kings,Royal Challengers Bengaluru,Chennai Super Kings,Royal Challengers Bengaluru,Mustafizur Rahman,2024-03-22,1
1422120,1,0.1,0,1,Delhi Capitals,Punjab Kings,DA Warner,MR Marsh,SM Curran,1,0,,,,,,,,2024-03-23,2024,Mohali,"Maharaja Yadavindra Singh International Cricket Stadium, Mullanpur",Punjab Kings,Delhi Capitals,Punjab Kings,Punjab Kings,SM Curran,2024-03-23,1
1422121,1,0.1,0,1,Kolkata Knight Riders,Sunrisers Hyderabad,PD Salt,SP Narine,B Kumar,1,0,,,,,,,,2024-03-23,2024,Kolkata,"Eden Gardens, Kolkata",Kolkata Knight Riders,Kolkata Knight Riders,Sunrisers Hyderabad,Sunrisers Hyderabad,AD Russell,2024-03-23,1
1422122,1,0.1,0,1,Rajasthan Royals,Lucknow Super Giants,YBK Jaiswal,JC Buttler,Mohsin Khan,0,0,,,,,,,,2024-03-24,2024,Jaipur,"Sawai Mansingh Stadium, Jaipur",Rajasthan Royals,Rajasthan Royals,Lucknow Super Giants,Rajasthan Royals,SV Samson,2024-03-24,1
1422123,1,0.1,0,1,Gujarat Titans,Mumbai Indians,WP Saha,Shubman Gill,HH Pandya,4,0,,,,,,,,2024-03-24,2024,Ahmedabad,"Narendra Modi Stadium, Ahmedabad",Gujarat Titans,Gujarat Titans,Mumbai Indians,Mumbai Indians,B Sai Sudharsan,2024-03-24,1
1422124,1,0.1,0,1,Punjab Kings,Royal Challengers Bengaluru,S Dhawan,JM Bairstow,Mohammed Siraj,4,0,,,,,,,,2024-03-25,2024,Bengaluru,"M Chinnaswamy Stadium, Bengaluru",Royal Challengers Bengaluru,Punjab Kings,Royal Challengers Bengaluru,Royal Challengers Bengaluru,V Kohli,2024-03-25,1
1422125,1,0.1,0,1,Chennai Super Kings,Gujarat Titans,RD Gaikwad,R Ravindra,Azmatullah Omarzai,0,0,,,,,,,,2024-03-26,2024,Chennai,"MA Chidambaram Stadium, Chepauk, Chennai",Chennai Super Kings,Chennai Super Kings,Gujarat Titans,Gujarat Titans,S Dube,2024-03-26,1
1422126,1,0.1,0,1,Sunrisers Hyderabad,Mumbai Indians,MA Agarwal,TM Head,KT Maphaka,0,1,1.0,,,,,,,2024-03-27,2024,Hyderabad,"Rajiv Gandhi International Stadium, Uppal, Hyderabad",Sunrisers Hyderabad,Sunrisers Hyderabad,Mumbai Indians,Mumbai Indians,Abhishek Sharma,2024-03-27,1
1422127,1,0.1,0,1,Rajasthan Royals,Delhi Capitals,YBK Jaiswal,JC Buttler,KK Ahmed,0,0,,,,,,,,2024-03-28,2024,Jaipur,"Sawai Mansingh Stadium, Jaipur",Rajasthan Royals,Rajasthan Royals,Delhi Capitals,Delhi Capitals,R Parag,2024-03-28,1
1422128,1,0.1,0,1,Royal Challengers Bengaluru,Kolkata Knight Riders,V Kohli,F du Plessis,MA Starc,4,0,,,,,,,,2024-03-29,2024,Bengaluru,"M Chinnaswamy Stadium, Bengaluru",Kolkata Knight Riders,Royal Challengers Bengaluru,Kolkata Knight Riders,Kolkata Knight Riders,SP Narine,2024-03-29,1
1422129,1,0.1,0,1,Lucknow Super Giants,Punjab Kings,Q de Kock,KL Rahul,SM Curran,0,0,,,,,,,,2024-03-30,2024,Lucknow,"Bharat Ratna Shri Atal Bihari Vajpayee Ekana Cricket Stadium, Lucknow",Lucknow Super Giants,Lucknow Super Giants,Punjab Kings,Lucknow Super Giants,MP Yadav,2024-03-30,1
1422130,1,0.1,0,1,Sunrisers Hyderabad,Gujarat Titans,MA Agarwal,TM Head,Azmatullah Omarzai,0,0,,,,,,,,2024-03-31,2024,Ahmedabad,"Narendra Modi Stadium, Ahmedabad",Gujarat Titans,Sunrisers Hyderabad,Gujarat Titans,Sunrisers Hyderabad,MM Sharma,2024-03-31,1
1422131,1,0.1,0,1,Delhi Capitals,Chennai Super Kings,PP Shaw,DA Warner,DL Chahar,0,0,,,,,,,,2024-03-31,2024,Visakhapatnam,"Dr. Y.S. Rajasekhara Reddy ACA-VDCA Cricket Stadium, Visakhapatnam",Delhi Capitals,Delhi Capitals,Chennai Super Kings,Delhi Capitals,KK Ahmed,2024-03-31,1
1422132,1,0.1,0,1,Mumbai Indians,Rajasthan Royals,Ishan Kishan,RG Sharma,TA Boult,0,0,,,,,,,,2024-04-01,2024,Mumbai,"Wankhede Stadium, Mumbai",Rajasthan Royals,Mumbai Indians,Rajasthan Royals,Rajasthan Royals,TA Boult,2024-04-01,1
1422133,1,0.1,0,1,Lucknow Super Giants,Royal Challengers Bengaluru,Q de Kock,KL Rahul,RJW Topley,0,0,,,,,,,,2024-04-02,2024,Bengaluru,"M Chinnaswamy Stadium, Bengaluru",Lucknow Super Giants,Lucknow Super Giants,Royal Challengers Bengaluru,Royal Challengers Bengaluru,MP Yadav,2024-04-02,1
1422134,1,0.1,0,1,Kolkata Knight Riders,Delhi Capitals,PD Salt,SP Narine,KK Ahmed,0,4,,,4.0,,,,,2024-04-03,2024,Visakhapatnam,"Dr. Y.S. Rajasekhara Reddy ACA-VDCA Cricket Stadium, Visakhapatnam",Kolkata Knight Riders,Kolkata Knight Riders,Delhi Capitals,Kolkata Knight Riders,SP Narine,2024-04-03,1
1422135,1,0.1,0,1,Gujarat Titans,Punjab Kings,WP Saha,Shubman Gill,Harpreet Brar,0,0,,,,,,,,2024-04-04,2024,Ahmedabad,"Narendra Modi Stadium, Ahmedabad",Punjab Kings,Gujarat Titans,Punjab Kings,Punjab Kings,Shashank Singh,2024-04-04,1
1422136,1,0.1,0,1,Chennai Super Kings,Sunrisers Hyderabad,R Ravindra,RD Gaikwad,Abhishek Sharma,1,0,,,,,,,,2024-04-05,2024,Hyderabad,"Rajiv Gandhi International Stadium, Uppal, Hyderabad",Sunrisers Hyderabad,Chennai Super Kings,Sunrisers Hyderabad,Sunrisers Hyderabad,Abhishek Sharma,2024-04-05,1
1422137,1,0.1,0,1,Royal Challengers Bengaluru,Rajasthan Royals,V Kohli,F du Plessis,TA Boult,1,0,,,,,,,,2024-04-06,2024,Jaipur,"Sawai Mansingh Stadium, Jaipur",Rajasthan Royals,Royal Challengers Bengaluru,Rajasthan Royals,Rajasthan Royals,JC Buttler,2024-04-06,1
1422138,1,0.1,0,1,Mumbai Indians,Delhi Capitals,RG Sharma,Ishan Kishan,KK Ahmed,0,0,,,,,,,,2024-04-07,2024,Mumbai,"Wankhede Stadium, Mumbai",Mumbai Indians,Mumbai Indians,Delhi Capitals,Delhi Capitals,R Shepherd,2024-04-07,1
1422139,1,0.1,0,1,Lucknow Super Giants,Gujarat Titans,Q de Kock,KL Rahul,UT Yadav,0,0,,,,,,,,2024-04-07,2024,Lucknow,"Bharat Ratna Shri Atal Bihari Vajpayee Ekana Cricket Stadium, Lucknow",Lucknow Super Giants,Lucknow Super Giants,Gujarat Titans,Lucknow Super Giants,Yash Thakur,2024-04-07,1
1426260,1,0.1,0,1,Kolkata Knight Riders,Chennai Super Kings,PD Salt,SP Narine,TU Deshpande,0,0,,,,,,caught,PD Salt,2024-04-08,2024,Chennai,"MA Chidambaram Stadium, Chepauk, Chennai",Chennai Super Kings,Kolkata Knight Riders,Chennai Super Kings,Chennai Super Kings,RA Jadeja,2024-04-08,1
1426261,1,0.1,0,1,Sunrisers Hyderabad,Punjab Kings,TM Head,Abhishek Sharma,K Rabada,0,0,,,,,,,,2024-04-09,2024,Mohali,"Maharaja Yadavindra Singh International Cricket Stadium, Mullanpur",Sunrisers Hyderabad,Sunrisers Hyderabad,Punjab Kings,Punjab Kings,Nithish Kumar Reddy,2024-04-09,1
1426262,1,0.1,0,1,Rajasthan Royals,Gujarat Titans,YBK Jaiswal,JC Buttler,UT Yadav,0,0,,,,,,,,2024-04-10,2024,Jaipur,"Sawai Mansingh Stadium, Jaipur",Gujarat Titans,Rajasthan Royals,Gujarat Titans,Gujarat Titans,Rashid Khan,2024-04-10,1
1426263,1,0.1,0,1,Royal Challengers Bengaluru,Mumbai Indians,V Kohli,F du Plessis,Mohammad Nabi,0,0,,,,,,,,2024-04-11,2024,Mumbai,"Wankhede Stadium, Mumbai",Mumbai Indians,Royal Challengers Bengaluru,Mumbai Indians,Mumbai Indians,JJ Bumrah,2024-04-11,1
1426264,1,0.1,0,1,Lucknow Super Giants,Delhi Capitals,Q de Kock,KL Rahul,KK Ahmed,4,0,,,,,,,,2024-04-12,2024,Lucknow,"Bharat Ratna Shri Atal Bihari Vajpayee Ekana Cricket Stadium, Lucknow",Delhi Capitals,Lucknow Super Giants,Delhi Capitals,Lucknow Super Giants,Kuldeep Yadav,2024-04-12,1
1426265,1,0.1,0,1,Punjab Kings,Rajasthan Royals,Atharva Taide,JM Bairstow,TA Boult,0,1,1.0,,,,,,,2024-04-13,2024,Mohali,"Maharaja Yadavindra Singh International Cricket Stadium, Mullanpur",Rajasthan Royals,Punjab Kings,Rajasthan Royals,Rajasthan Royals,SO Hetmyer,2024-04-13,1
1426266,1,0.1,0,1,Lucknow Super Giants,Kolkata Knight Riders,Q de Kock,KL Rahul,MA Starc,4,0,,,,,,,,2024-04-14,2024,Kolkata,"Eden Gardens, Kolkata",Kolkata Knight Riders,Lucknow Super Giants,Kolkata Knight Riders,Kolkata Knight Riders,PD Salt,2024-04-14,1
1426267,1,0.1,0,1,Chennai Super Kings,Mumbai Indians,AM Rahane,R Ravindra,Mohammad Nabi,0,0,,,,,,,,2024-04-14,2024,Mumbai,"Wankhede Stadium, Mumbai",Chennai Super Kings,Chennai Super Kings,Mumbai Indians,Mumbai Indians,M Pathirana,2024-04-14,1
1426268,1,0.1,0,1,Sunrisers Hyderabad,Royal Challengers Bengaluru,Abhishek Sharma,TM Head,WG Jacks,0,0,,,,,,,,2024-04-15,2024,Bengaluru,"M Chinnaswamy Stadium, Bengaluru",Sunrisers Hyderabad,Sunrisers Hyderabad,Royal Challengers Bengaluru,Royal Challengers Bengaluru,TM Head,2024-04-15,1
1426269,1,0.1,0,1,Kolkata Knight Riders,Rajasthan Royals,PD Salt,SP Narine,TA Boult,0,0,,,,,,,,2024-04-16,2024,Kolkata,"Eden Gardens, Kolkata",Rajasthan Royals,Kolkata Knight Riders,Rajasthan Royals,Rajasthan Royals,JC Buttler,2024-04-16,1
1426270,1,0.1,0,1,Gujarat Titans,Delhi Capitals,WP Saha,Shubman Gill,KK Ahmed,0,1,1.0,,,,,,,2024-04-17,2024,Ahmedabad,"Narendra Modi Stadium, Ahmedabad",Delhi Capitals,Gujarat Titans,Delhi Capitals,Delhi Capitals,RR Pant,2024-04-17,1
1426271,1,0.1,0,1,Mumbai Indians,Punjab Kings,Ishan Kishan,RG Sharma,LS Livingstone,0,0,,,,,,,,2024-04-18,2024,Mohali,"Maharaja Yadavindra Singh International Cricket Stadium, Mullanpur",Mumbai Indians,Mumbai Indians,Punjab Kings,Punjab Kings,JJ Bumrah,2024-04-18,1
1426272,1,0.1,0,1,Chennai Super Kings,Lucknow Super Giants,AM Rahane,R Ravindra,MJ Henry,0,0,,,,,,,,2024-04-19,2024,Lucknow,"Bharat Ratna Shri Atal Bihari Vajpayee Ekana Cricket Stadium, Lucknow",Lucknow Super Giants,Chennai Super Kings,Lucknow Super Giants,Lucknow Super Giants,KL Rahul,2024-04-19,1
1426273,1,0.1,0,1,Sunrisers Hyderabad,Delhi Capitals,TM Head,Abhishek Sharma,KK Ahmed,0,0,,,,,,,,2024-04-20,2024,Delhi,"Arun Jaitley Stadium, Delhi",Sunrisers Hyderabad,Sunrisers Hyderabad,Delhi Capitals,Delhi Capitals,TM Head,2024-04-20,1
1426274,1,0.1,0,1,Kolkata Knight Riders,Royal Challengers Bengaluru,PD Salt,SP Narine,Mohammed Siraj,0,0,,,,,,,,2024-04-21,2024,Kolkata,"Eden Gardens, Kolkata",Kolkata Knight Riders,Kolkata Knight Riders,Royal Challengers Bengaluru,Royal Challengers Bengaluru,AD Russell,2024-04-21,1
1426275,1,0.1,0,1,Punjab Kings,Gujarat Titans,SM Curran,P Simran Singh,Azmatullah Omarzai,0,0,,,,,,,,2024-04-21,2024,Mohali,"Maharaja Yadavindra Singh International Cricket Stadium, Mullanpur",Gujarat Titans,Punjab Kings,Gujarat Titans,Punjab Kings,R Sai Kishore,2024-04-21,1
1426276,1,0.1,0,1,Mumbai Indians,Rajasthan Royals,RG Sharma,Ishan Kishan,TA Boult,2,0,,,,,,,,2024-04-22,2024,Jaipur,"Sawai Mansingh Stadium, Jaipur",Rajasthan Royals,Mumbai Indians,Rajasthan Royals,Mumbai Indians,Sandeep Sharma,2024-04-22,1
1426277,1,0.1,0,1,Chennai Super Kings,Lucknow Super Giants,AM Rahane,RD Gaikwad,MJ Henry,1,0,,,,,,,,2024-04-23,2024,Chennai,"MA Chidambaram Stadium, Chepauk, Chennai",Lucknow Super Giants,Chennai Super Kings,Lucknow Super Giants,Lucknow Super Giants,MP Stoinis,2024-04-23,1
1426278,1,0.1,0,1,Delhi Capitals,Gujarat Titans,PP Shaw,J Fraser-McGurk,Azmatullah Omarzai,4,0,,,,,,,,2024-04-24,2024,Delhi,"Arun Jaitley Stadium, Delhi",Delhi Capitals,Delhi Capitals,Gujarat Titans,Gujarat Titans,RR Pant,2024-04-24,1
1426279,1,0.1,0,1,Royal Challengers Bengaluru,Sunrisers Hyderabad,V Kohli,F du Plessis,Abhishek Sharma,4,0,,,,,,,,2024-04-25,2024,Hyderabad,"Rajiv Gandhi International Stadium, Uppal, Hyderabad",Royal Challengers Bengaluru,Royal Challengers Bengaluru,Sunrisers Hyderabad,Royal Challengers Bengaluru,RM Patidar,2024-04-25,1
1426280,1,0.1,0,1,Kolkata Knight Riders,Punjab Kings,PD Salt,SP Narine,SM Curran,0,0,,,,,,,,2024-04-26,2024,Kolkata,"Eden Gardens, Kolkata",Punjab Kings,Kolkata Knight Riders,Punjab Kings,Punjab Kings,JM Bairstow,2024-04-26,1
1426281,1,0.1,0,1,Delhi Capitals,Mumbai Indians,J Fraser-McGurk,Abishek Porel,L Wood,4,0,,,,,,,,2024-04-27,2024,Delhi,"Arun Jaitley Stadium, Delhi",Delhi Capitals,Delhi Capitals,Mumbai Indians,Mumbai Indians,J Fraser-McGurk,2024-04-27,1
1426282,1,0.1,0,1,Lucknow Super Giants,Rajasthan Royals,Q de Kock,KL Rahul,TA Boult,4,0,,,,,,,,2024-04-27,2024,Lucknow,"Bharat Ratna Shri Atal Bihari Vajpayee Ekana Cricket Stadium, Lucknow",Rajasthan Royals,Lucknow Super Giants,Rajasthan Royals,Rajasthan Royals,SV Samson,2024-04-27,1
1426283,1,0.1,0,1,Gujarat Titans,Royal Challengers Bengaluru,WP Saha,Shubman Gill,Swapnil Singh,0,0,,,,,,,,2024-04-28,2024,Ahmedabad,"Narendra Modi Stadium, Ahmedabad",Royal Challengers Bengaluru,Gujarat Titans,Royal Challengers Bengaluru,Royal Challengers Bengaluru,WG Jacks,2024-04-28,1
1426284,1,0.1,0,1,Chennai Super Kings,Sunrisers Hyderabad,AM Rahane,RD Gaikwad,B Kumar,2,0,,,,,,,,2024-04-28,2024,Chennai,"MA Chidambaram Stadium, Chepauk, Chennai",Chennai Super Kings,Chennai Super Kings,Sunrisers Hyderabad,Sunrisers Hyderabad,RD Gaikwad,2024-04-28,1
1426285,1,0.1,0,1,Delhi Capitals,Kolkata Knight Riders,PP Shaw,J Fraser-McGurk,MA Starc,4,0,,,,,,,,2024-04-29,2024,Kolkata,"Eden Gardens, Kolkata",Kolkata Knight Riders,Delhi Capitals,Kolkata Knight Riders,Delhi Capitals,CV Varun,2024-04-29,1
1426286,1,0.1,0,1,Mumbai Indians,Lucknow Super Giants,Ishan Kishan,RG Sharma,MP Stoinis,0,0,,,,,,,,2024-04-30,2024,Lucknow,"Bharat Ratna Shri Atal Bihari Vajpayee Ekana Cricket Stadium, Lucknow",Lucknow Super Giants,Mumbai Indians,Lucknow Super Giants,Lucknow Super Giants,MP Stoinis,2024-04-30,1
1426287,1,0.1,0,1,Chennai Super Kings,Punjab Kings,AM Rahane,RD Gaikwad,K Rabada,0,0,,,,,,,,2024-05-01,2024,Chennai,"MA Chidambaram Stadium, Chepauk, Chennai",Punjab Kings,Chennai Super Kings,Punjab Kings,Punjab Kings,Harpreet Brar,2024-05-01,1
1426288,1,0.1,0,1,Sunrisers Hyderabad,Rajasthan Royals,TM Head,Abhishek Sharma,TA Boult,4,0,,,,,,,,2024-05-02,2024,Hyderabad,"Rajiv Gandhi International Stadium, Uppal, Hyderabad",Sunrisers Hyderabad,Sunrisers Hyderabad,Rajasthan Royals,Sunrisers Hyderabad,B Kumar,2024-05-02,1
1426289,1,0.1,0,1,Kolkata Knight Riders,Mumbai Indians,PD Salt,SP Narine,N Thushara,1,0,,,,,,,,2024-05-03,2024,Mumbai,"Wankhede Stadium, Mumbai",Kolkata Knight Riders,Kolkata Knight Riders,Mumbai Indians,Mumbai Indians,VR Iyer,2024-05-03,1
1426290,1,0.1,0,1,Gujarat Titans,Royal Challengers Bengaluru,WP Saha,Shubman Gill,Swapnil Singh,0,0,,,,,,,,2024-05-04,2024,Bengaluru,"M Chinnaswamy Stadium, Bengaluru",Royal Challengers Bengaluru,Gujarat Titans,Royal Challengers Bengaluru,Royal Challengers Bengaluru,Mohammed Siraj,2024-05-04,1
1426291,1,0.1,0,1,Chennai Super Kings,Punjab Kings,AM Rahane,RD Gaikwad,K Rabada,0,1,1.0,,,,,,,2024-05-05,2024,Dharamsala,"Himachal Pradesh Cricket Association Stadium, Dharamsala",Chennai Super Kings,Chennai Super Kings,Punjab Kings,Punjab Kings,RA Jadeja,2024-05-05,1
1426292,1,0.1,0,1,Kolkata Knight Riders,Lucknow Super Giants,PD Salt,SP Narine,MP Stoinis,4,0,,,,,,,,2024-05-05,2024,Lucknow,"Bharat Ratna Shri Atal Bihari Vajpayee Ekana Cricket Stadium, Lucknow",Kolkata Knight Riders,Kolkata Knight Riders,Lucknow Super Giants,Lucknow Super Giants,SP Narine,2024-05-05,1
1426293,1,0.1,0,1,Sunrisers Hyderabad,Mumbai Indians,TM Head,Abhishek Sharma,N Thushara,0,2,2.0,,,,,,,2024-05-06,2024,Mumbai,"Wankhede Stadium, Mumbai",Mumbai Indians,Sunrisers Hyderabad,Mumbai Indians,Mumbai Indians,SA Yadav,2024-05-06,1
1426294,1,0.1,0,1,Delhi Capitals,Rajasthan Royals,J Fraser-McGurk,Abishek Porel,TA Boult,2,0,,,,,,,,2024-05-07,2024,Delhi,"Arun Jaitley Stadium, Delhi",Delhi Capitals,Delhi Capitals,Rajasthan Royals,Rajasthan Royals,Kuldeep Yadav,2024-05-07,1
1426295,1,0.1,0,1,Lucknow Super Giants,Sunrisers Hyderabad,KL Rahul,Q de Kock,B Kumar,1,0,,,,,,,,2024-05-08,2024,Hyderabad,"Rajiv Gandhi International Stadium, Uppal, Hyderabad",Sunrisers Hyderabad,Lucknow Super Giants,Sunrisers Hyderabad,Lucknow Super Giants,TM Head,2024-05-08,1
1426296,1,0.1,0,1,Royal Challengers Bengaluru,Punjab Kings,V Kohli,F du Plessis,V Kaverappa,0,0,,,,,,,,2024-05-09,2024,Dharamsala,"Himachal Pradesh Cricket Association Stadium, Dharamsala",Royal Challengers Bengaluru,Royal Challengers Bengaluru,Punjab Kings,Punjab Kings,V Kohli,2024-05-09,1
1426297,1,0.1,0,1,Gujarat Titans,Chennai Super Kings,B Sai Sudharsan,Shubman Gill,MJ Santner,2,0,,,,,,,,2024-05-10,2024,Ahmedabad,"Narendra Modi Stadium, Ahmedabad",Gujarat Titans,Gujarat Titans,Chennai Super Kings,Chennai Super Kings,Shubman Gill,2024-05-10,1
1426298,1,0.1,0,1,Kolkata Knight Riders,Mumbai Indians,PD Salt,SP Narine,N Thushara,6,0,,,,,,,,2024-05-11,2024,Kolkata,"Eden Gardens, Kolkata",Kolkata Knight Riders,Kolkata Knight Riders,Mumbai Indians,Mumbai Indians,CV Varun,2024-05-11,1
1426299,1,0.1,0,1,Rajasthan Royals,Chennai Super Kings,YBK Jaiswal,JC Buttler,TU Deshpande,0,0,,,,,,,,2024-05-12,2024,Chennai,"MA Chidambaram Stadium, Chepauk, Chennai",Chennai Super Kings,Rajasthan Royals,Chennai Super Kings,Rajasthan Royals,Simarjeet Singh,2024-05-12,1
1426300,1,0.1,0,1,Royal Challengers Bengaluru,Delhi Capitals,V Kohli,F du Plessis,I Sharma,0,0,,,,,,,,2024-05-12,2024,Bengaluru,"M Chinnaswamy Stadium, Bengaluru",Royal Challengers Bengaluru,Royal Challengers Bengaluru,Delhi Capitals,Delhi Capitals,C Green,2024-05-12,1
1426302,1,0.1,0,1,Delhi Capitals,Lucknow Super Giants,J Fraser-McGurk,Abishek Porel,Arshad Khan,0,1,1.0,,,,,,,2024-05-14,2024,Delhi,"Arun Jaitley Stadium, Delhi",Delhi Capitals,Delhi Capitals,Lucknow Super Giants,Lucknow Super Giants,I Sharma,2024-05-14,1
1426303,1,0.1,0,1,Rajasthan Royals,Punjab Kings,YBK Jaiswal,T Kohler-Cadmore,SM Curran,4,0,,,,,,,,2024-05-15,2024,Guwahati,"Barsapara Cricket Stadium, Guwahati",Punjab Kings,Rajasthan Royals,Punjab Kings,Rajasthan Royals,SM Curran,2024-05-15,1
1426305,1,0.1,0,1,Lucknow Super Giants,Mumbai Indians,KL Rahul,D Padikkal,N Thushara,0,0,,,,,,,,2024-05-17,2024,Mumbai,"Wankhede Stadium, Mumbai",Lucknow Super Giants,Lucknow Super Giants,Mumbai Indians,Mumbai Indians,N Pooran,2024-05-17,1
1426306,1,0.1,0,1,Royal Challengers Bengaluru,Chennai Super Kings,V Kohli,F du Plessis,TU Deshpande,1,0,,,,,,,,2024-05-18,2024,Bengaluru,"M Chinnaswamy Stadium, Bengaluru",Royal Challengers Bengaluru,Royal Challengers Bengaluru,Chennai Super Kings,Chennai Super Kings,F du Plessis,2024-05-18,1
1426307,1,0.1,0,1,Punjab Kings,Sunrisers Hyderabad,Atharva Taide,P Simran Singh,B Kumar,1,0,,,,,,,,2024-05-19,2024,Hyderabad,"Rajiv Gandhi International Stadium, Uppal, Hyderabad",Sunrisers Hyderabad,Punjab Kings,Sunrisers Hyderabad,Punjab Kings,Abhishek Sharma,2024-05-19,1
1426309,1,0.1,0,1,Sunrisers Hyderabad,Kolkata Knight Riders,TM Head,Abhishek Sharma,MA Starc,0,0,,,,,,,,2024-05-21,2024,Ahmedabad,"Narendra Modi Stadium, Ahmedabad",Kolkata Knight Riders,Sunrisers Hyderabad,Kolkata Knight Riders,Sunrisers Hyderabad,MA Starc,2024-05-21,1
1426310,1,0.1,0,1,Royal Challengers Bengaluru,Rajasthan Royals,V Kohli,F du Plessis,TA Boult,1,0,,,,,,,,2024-05-22,2024,Ahmedabad,"Narendra Modi Stadium, Ahmedabad",Rajasthan Royals,Royal Challengers Bengaluru,Rajasthan Royals,Rajasthan Royals,R Ashwin,2024-05-22,1
1426311,1,0.1,0,1,Sunrisers Hyderabad,Rajasthan Royals,TM Head,Abhishek Sharma,TA Boult,1,0,,,,,,,,2024-05-24,2024,Chennai,"MA Chidambaram Stadium, Chepauk, Chennai",Sunrisers Hyderabad,Sunrisers Hyderabad,Rajasthan Royals,Rajasthan Royals,Shahbaz Ahmed,2024-05-24,1
1426312,1,0.1,0,1,Sunrisers Hyderabad,Kolkata Knight Riders,Abhishek Sharma,TM Head,MA Starc,0,0,,,,,,,,2024-05-26,2024,Chennai,"MA Chidambaram Stadium, Chepauk, Chennai",Kolkata Knight Riders,Sunrisers Hyderabad,Kolkata Knight Riders,Sunrisers Hyderabad,MA Starc,2024-05-26,1
